tree
version=v4
num_class=1
num_tree_per_iteration=1
label_index=0
max_feature_idx=5
objective=binary sigmoid:1
feature_names=rainfall_mm elevation_m slope_deg soil_moisture_pct distance_to_river_m drainage_capacity_mm_hr
feature_infos=[0.054821593681461188:286.03559592363291] [2.0034671570991103:299.86819556863071] [0.50710963821146926:29.984090091260356] [10.004490289245227:94.957941125223911] [0.23663553156186207:12039.267353671532] [10.060180695450896:59.990257206690075]
tree_sizes=1643 1676 1677 1671 1671 1681 1683 1676 1674 1679 1681 1687 1686 1690 1690 1697 1686 1693 1692 1677 1680 1694 1684 1685 1689 1692 1699 1691 1684 1691 1689 1691 1688 1685 1691 1696 1693 1690 1693 1680 1694 1686 1686 1690 1689 1688 1688 1689 1695 1691 1691 1684 1698 1691 1684 1690 1692 1691 1694 1686

Tree=0
num_leaves=15
num_cat=0
split_feature=0 3 5 0 0 0 3 0 5 3 5 3 0 2
split_gain=1040.48 402.122 140.325 136.183 59.2196 40.7971 78.1827 9.87476 34.0101 8.18487 16.006 8.07234 6.94488 0.571972
threshold=75.394681253150608 42.304679004240462 41.534086742284437 105.31624199287644 137.60851805603482 69.994388307554814 58.507279547242632 45.741332697838693 14.306288805658079 73.257750360134182 32.090262237423751 49.886046100945897 108.87374379046385 20.500421507397711
decision_type=2 2 2 2 2 2 2 2 2 2 2 2 2 2
left_child=5 4 11 -4 12 7 -7 -1 -9 -10 -11 -3 -2 -13
right_child=1 2 3 -5 -6 6 -8 8 9 10 -12 13 -14 -15
leaf_value=-2.5692344171962098 -2.5692344171962098 -1.9843602688531621 -2.4551567969311572 -1.8768466386430438 -2.1922822806682101 -2.5692344171962098 -2.12945692458021 -2.3502975702228768 -2.5692344171962098 -2.3524869386926097 -2.5692344171962098 -1.8467428221842102 -2.4488191513608766 -1.8828674019348104
leaf_weight=126.64507001638412 4.2907072901725796 1.4533040821552257 2.6297883391380301 1.6609189510345457 1.5917139947414396 2.7681982517242423 1.5917139947414396 2.2837635576725033 16.193959772586826 1.3840991258621209 2.2145586013793945 5.259576678276062 1.6609189510345457 1.3840991258621214
leaf_count=1830 62 21 38 24 23 40 23 33 234 20 32 76 24 20
internal_value=-2.51519 -2.17538 -2.00012 -2.23129 -2.46318 -2.55944 -2.40868 -2.56386 -2.533 -2.55408 -2.48587 -1.87762 -2.53563 -1.85427
internal_weight=173.012 19.931 12.3877 4.29071 7.54334 153.081 4.35991 148.721 22.0764 19.7926 3.59866 8.09698 5.95163 6.64368
internal_count=2500 288 179 62 109 2212 63 2149 319 286 52 117 86 96
is_linear=0
shrinkage=1


Tree=1
num_leaves=15
num_cat=0
split_feature=0 3 5 0 0 0 5 3 3 5 0 0 3 0
split_gain=709.779 207.227 60.5533 75.0408 45.2479 9.85887 27.9845 9.54844 7.7716 12.8387 7.03852 6.20399 2.05118 2.74263
threshold=69.994388307554814 42.304679004240462 42.095915494938446 105.31624199287644 137.60851805603482 45.741332697838693 14.306288805658079 48.583640029185339 73.257750360134182 32.090262237423751 108.87374379046385 84.609715340729238 81.005406475795738 83.352725969763085
decision_type=2 2 2 2 2 2 2 2 2 2 2 2 2 2
left_child=5 4 7 11 10 -1 -7 -3 -8 -10 -2 -4 13 -9
right_child=1 2 3 -5 -6 6 8 12 9 -11 -12 -13 -14 -15
leaf_value=-0.053829710375320139 -0.053829710375320118 0.24898603126920144 -0.054749402671698047 0.35854787488887829 0.23312885199549449 0.13590010536562078 -0.053829710375320132 0.30149417786315963 0.13434556323730593 -0.053829710375320118 0.059522447450771412 0.083048606494311644 0.39018208137895322 0.36799160999648017
leaf_weight=120.93240648508072 6.2118285298347491 1.964315772056582 1.8602649495005601 2.7630847692489624 2.0781960487365723 2.6223711222410229 15.463488042354586 2.0921639502048475 1.5864439308643334 2.1146650314331055 1.7568174004554746 1.4562283456325529 5.5848360732197753 5.9901719316840172
leaf_count=1830 94 20 24 24 23 33 234 20 20 32 24 20 50 52
internal_value=-0.000680367 0.213105 0.299989 0.166095 0.0253489 -0.0482518 -0.0172908 0.352065 -0.0382526 0.0268298 -0.0288394 0.00575588 0.36688 0.350778
internal_weight=174.477 31.7579 21.7111 6.07958 10.0468 142.719 21.787 15.6315 19.1646 3.70111 7.96865 3.31649 13.6672 8.08234
internal_count=2500 351 210 68 141 2149 319 142 286 52 118 44 122 72
is_linear=0
shrinkage=0.05


Tree=2
num_leaves=15
num_cat=0
split_feature=0 3 5 0 0 0 3 0 3 5 3 5 3 1
split_gain=563.893 125.643 38.3328 47.6993 16.6211 13.9789 43.6408 9.83364 26.0577 39.6656 4.67046 4.40921 3.47928 1.27337
threshold=69.994388307554814 34.180665098116982 46.923778376296319 118.06914305104239 137.60851805603482 95.197996943673232 52.851453796326716 45.741332697838693 76.050622657865574 28.177995837883039 75.651370184557607 16.140390864219331 48.583640029185339 147.25908140132199
decision_type=2 2 2 2 2 2 2 2 2 2 2 2 2 2
left_child=7 4 5 13 -2 6 -3 -1 11 -10 -8 -9 -7 -4
right_child=1 2 3 -5 -6 12 10 8 9 -11 -12 -13 -14 -15
leaf_value=-0.053629003305717973 -0.045534280717547518 0.023367901586248834 0.0078845141111913274 0.27822265683240932 0.12250689100002073 0.33857711834353404 0.22078683533622093 0.013801584773309165 0.26701146622862021 -0.053950569125537841 0.29257282087021752 -0.053639891241231169 0.27135614867076097 -0.055227592129965863
leaf_weight=115.45409381389618 6.0042739659547797 2.5108885020017686 1.5910419672727578 2.2112356871366501 1.9492550343275068 2.3971159532666197 4.2746129184961301 2.9009649455547395 1.8606969937682145 1.9943436086177824 4.8214451372623444 14.725306205451487 9.7727895975112897 1.605920150876045
leaf_count=1830 91 29 21 15 18 22 33 35 21 30 36 233 66 20
internal_value=-0.000983632 0.171817 0.219827 0.0996763 -0.00435066 0.247156 0.207899 -0.0478494 -0.0167864 0.100967 0.258838 -0.0425402 0.284597 -0.0238184
internal_weight=174.074 37.1386 29.185 5.4082 7.95353 23.7769 11.6069 136.935 21.4813 3.85504 9.09606 17.6263 12.1699 3.19696
internal_count=2500 351 242 56 109 186 98 2149 319 51 69 268 88 41
is_linear=0
shrinkage=0.05


Tree=3
num_leaves=15
num_cat=0
split_feature=0 3 0 5 3 0 3 5 0 3 5 5 3 3
split_gain=469.438 88.3685 25.7514 45.2426 44.9833 9.77594 22.906 30.3158 6.04201 5.81482 3.70841 3.24793 3.17599 2.01849
threshold=69.994388307554814 29.475705499290644 105.31624199287644 42.095915494938446 47.044591879375126 45.741332697838693 73.257750360134182 28.177995837883039 137.60851805603482 64.851493589402267 22.947179912465106 14.306288805658079 71.637849802166571 49.505419066341737
decision_type=2 2 2 2 2 2 2 2 2 2 2 2 2 2
left_child=5 8 3 4 -3 -1 11 -8 -2 -5 -6 -7 -12 -4
right_child=1 2 13 9 10 6 7 -9 -10 -11 12 -13 -14 -15
leaf_value=-0.053439508960869034 -0.053697587110288707 -0.032186088365916382 0.25560758479746293 -0.05436578995588396 0.23913725080459478 0.011309921567507623 0.19755685679561186 -0.053695341011800457 0.054496578687055486 0.066437589240457756 0.14885870962680234 -0.053448153892919986 0.21677172072725204 0.2149535102472255
leaf_weight=110.2029125019908 4.7025298476219168 2.1831601187586811 4.26839905232191 2.5236539207398883 6.6164894551038724 2.2439375519752565 2.5540718659758559 2.2655069306492805 1.7783449217677114 1.6457420736551283 3.0727725252509117 14.120399318635462 3.914794847369194 10.724763140082358
leaf_count=1830 74 30 32 35 41 25 24 36 15 20 20 234 23 61
internal_value=-0.00118441 0.145566 0.177011 0.139811 0.178499 -0.0474598 -0.0163522 0.0794524 -0.0240092 -0.00668234 0.21231 -0.0445683 0.186907 0.226527
internal_weight=172.817 41.4306 34.9498 19.9566 15.7872 131.387 21.1839 4.81958 6.48087 4.1694 13.6041 16.3643 6.98757 14.9932
internal_count=2500 351 262 169 114 2149 319 60 89 55 84 259 43 93
is_linear=0
shrinkage=0.05


Tree=4
num_leaves=15
num_cat=0
split_feature=0 3 0 5 3 0 3 5 0 5 5 0 1 5
split_gain=402.37 67.076 17.8413 32.6635 33.1693 9.7064 20.346 23.1206 5.58361 3.16763 3.10476 2.70073 2.26947 1.2971
threshold=69.994388307554814 29.475705499290644 96.813591485289763 42.095915494938446 47.044591879375126 45.741332697838693 73.257750360134182 28.177995837883039 137.60851805603482 14.306288805658079 23.511852552038075 113.63925891906143 109.64929730582533 48.428633412320927
decision_type=2 2 2 2 2 2 2 2 2 2 2 2 2 2
left_child=5 8 3 4 -3 -1 9 -8 -2 -7 -6 12 -4 -5
right_child=1 2 11 13 10 6 7 -9 -10 -11 -12 -13 -14 -15
leaf_value=-0.053260534893935445 -0.053504544114339282 -0.054419304853239397 0.1948116116487951 0.0078742755160525323 0.19976517804172303 0.010645155956650948 0.16167917397881304 -0.053502782561416856 0.049731471369381379 -0.053268699434008797 0.14988816421205817 0.19518978511842239 0.13200128111850976 -0.054303086745574804
leaf_weight=105.17161577939987 4.4889159649610511 1.7706378996372247 2.3073049113154438 1.589845281094312 6.7604507580399495 2.2643221542239216 2.9527845457196227 2.1625766679644585 1.8493643403053281 13.475845485925673 5.7942770719528198 14.674311429262159 3.817729115486145 1.7755272537469862
leaf_count=1830 74 26 15 20 37 25 24 36 15 234 33 79 27 25
internal_value=-0.00131858 0.127336 0.152155 0.115243 0.148173 -0.0470814 -0.0159208 0.0707086 -0.0233827 -0.0440743 0.176746 0.18355 0.155662 -0.0249297
internal_weight=170.856 44.8284 38.4901 17.6907 14.3254 126.027 20.8555 5.11536 6.33828 15.7402 12.5547 20.7993 6.12503 3.36537
internal_count=2500 351 262 141 96 2149 319 60 89 259 70 121 42 45
is_linear=0
shrinkage=0.05


Tree=5
num_leaves=15
num_cat=0
split_feature=0 3 0 5 3 0 3 5 5 0 5 2 4 3
split_gain=351.483 53.1658 12.8641 28.0549 24.7129 9.62663 18.2572 18.3913 7.84627 5.17819 3.09088 2.63553 1.26857 0.845265
threshold=69.994388307554814 29.475705499290644 113.63925891906143 46.704275397605876 48.817369730638525 45.741332697838693 73.257750360134182 28.177995837883039 28.503359159112311 137.60851805603482 14.306288805658079 20.845481462365868 1577.4025315607007 48.583640029185339
decision_type=2 2 2 2 2 2 2 2 2 2 2 2 2 2
left_child=5 9 3 4 8 -1 10 -8 -3 -2 -7 -6 -5 -4
right_child=1 2 13 12 11 6 7 -9 -10 -11 -12 -13 -14 -15
leaf_value=-0.053091418786353095 -0.053322202792218158 0.085934122812175967 0.18884983208466133 0.0068258170572980869 0.16777241254381425 0.010025152400355543 0.13695144931258596 -0.053320873687390413 -0.055603944568666755 0.045572769663235355 -0.053099139291233201 0.12344994448197387 -0.055623240290261777 0.16255145346578329
leaf_weight=100.35295005887747 4.2842214182019225 2.0561794191598959 4.1079121381044414 1.5956226922571652 13.680838882923128 2.2836294025182751 3.3014339655637732 2.0639472082257271 1.8693792335689066 1.9154229015111921 12.858519382774828 4.4432980194687834 1.6584258861839769 11.92583844065666
leaf_count=1830 74 20 23 21 70 25 24 36 25 15 234 26 21 56
internal_value=-0.00140918 0.113772 0.134249 0.112046 0.132271 -0.0467124 -0.0154966 0.0637578 0.0185327 -0.0227679 -0.0435792 0.156906 -0.0250013 0.169289
internal_weight=168.398 47.5371 41.3375 25.3037 22.0497 120.86 20.5075 5.36538 3.92556 6.19964 15.1421 18.1241 3.25405 16.0338
internal_count=2500 351 262 183 141 2149 319 60 45 89 259 96 42 79
is_linear=0
shrinkage=0.05


Tree=6
num_leaves=15
num_cat=0
split_feature=0 3 5 0 3 0 5 0 3 5 3 1 1 0
split_gain=311.143 43.4692 11.2068 19.8279 14.8384 9.53768 16.7343 7.42002 5.32163 5.21257 2.27682 0.681578 0.47741 0.367531
threshold=69.994388307554814 30.80018624979466 34.052957958094808 103.93171275653486 61.420360119682023 45.741332697838693 14.306288805658079 150.32607358514119 73.257750360134182 29.987429440778786 44.406493626531756 147.25908140132199 111.78262392292862 86.398015842923698
decision_type=2 2 2 2 2 2 2 2 2 2 2 2 2 2
left_child=5 7 10 4 13 -1 -7 12 -8 -10 -3 -5 -2 -4
right_child=1 2 3 11 -6 6 8 -9 9 -11 -12 -13 -14 -15
leaf_value=-0.052931572815744149 -0.021335928707283913 0.10542940714620551 -0.054829381560331236 0.15619922167574934 0.091244879260295272 0.083748537157234459 -0.052938872671167425 0.086571907112106383 0.05791891156311732 -0.053047788724067117 0.14855608841070456 0.12867632825399838 -0.054524975650336899 -0.021658590163412598
leaf_weight=95.739668570458889 1.5487855374813069 3.5552347004413631 2.1841186806559585 4.5588799938559514 5.0797635391354561 3.5322120040655163 12.267495535314085 1.3643401265144346 2.5266003981232634 1.8210695162415502 21.987480685114861 4.4402981996536255 3.6069876551628113 1.3519817888736723
leaf_count=1830 27 29 31 22 37 33 234 10 18 34 101 22 56 16
internal_value=-0.00147379 0.103215 0.121395 0.0907135 0.0364985 -0.0463514 -0.0150826 -0.0171166 -0.0360931 0.0114393 0.142553 0.142619 -0.044555 -0.042147
internal_weight=165.565 49.6779 43.1578 17.615 8.61586 115.887 20.1474 6.52011 16.6152 4.34767 25.5427 8.99918 5.15577 3.5361
internal_count=2500 351 258 128 84 2149 319 93 286 52 130 44 83 47
is_linear=0
shrinkage=0.05


Tree=7
num_leaves=15
num_cat=0
split_feature=0 3 0 3 5 0 3 5 5 0 3 5 2 0
split_gain=277.899 36.4546 9.47213 15.7272 13.4988 9.43844 19.6901 7.72144 7.54267 4.55399 4.28135 2.69439 1.60586 3.66346
threshold=69.994388307554814 29.475705499290644 45.741332697838693 73.257750360134182 28.177995837883039 96.813591485289763 52.851453796326716 34.252856314222164 43.609351686989562 137.60851805603482 47.044591879375126 14.306288805658079 13.366668472002933 118.06914305104239
decision_type=2 2 2 2 2 2 2 2 2 2 2 2 2 2
left_child=2 9 -1 11 -5 6 10 -8 -9 -2 -3 -4 -7 -14
right_child=1 5 3 4 -6 12 7 8 -10 -11 -12 -13 13 -15
leaf_value=-0.052780433205569223 -0.053017341387424567 -0.054267213876999044 0.0047908936614048251 0.11067599608306422 -0.053035533687225404 0.14189512997894663 0.13374606276114082 0.11154416971909849 -0.010382024472728093 0.039303130695679332 0.047208974610883081 -0.052787339538953482 0.0800302257794787 0.13847723732903197
leaf_weight=91.324585899710655 3.9360278844833365 2.4458737671375301 2.4587310850620296 3.7603736817836753 1.8930273205041883 13.693162925541403 10.890225946903231 2.9790234491229048 2.2090308144688606 2.0219961702823639 1.8075985200703142 11.70185427367687 4.2956709042191488 7.1329651921987534
leaf_count=1830 74 38 25 24 36 64 48 15 26 15 14 234 26 31
internal_value=-0.00151637 0.0946054 -0.0459813 -0.0146434 0.0558576 0.109849 0.0845223 0.10983 0.059629 -0.0216862 -0.0111429 -0.0427899 0.130346 0.116509
internal_weight=162.55 51.4116 111.139 19.814 5.6534 45.4536 20.3318 16.0783 5.18805 5.95802 4.25347 14.1606 25.1218 11.4286
internal_count=2500 351 2149 319 60 262 141 89 41 89 52 259 121 57
is_linear=0
shrinkage=0.05


Tree=8
num_leaves=15
num_cat=0
split_feature=0 3 0 3 5 5 0 3 0 0 0 5 5 0
split_gain=250.411 31.0238 9.37072 14.3208 16.0082 7.74253 16.7416 4.57616 13.1757 4.25499 2.92185 4.03091 2.64294 1.59827
threshold=69.994388307554814 29.475705499290644 45.741332697838693 73.257750360134182 22.799320456502873 46.923778376296319 118.06914305104239 61.649874850638774 83.352725969763085 137.60851805603482 113.63925891906143 25.552285202399755 14.306288805658079 57.207098852617555
decision_type=2 2 2 2 2 2 2 2 2 2 2 2 2 2
left_child=2 9 -1 12 -5 7 -7 8 -3 -2 11 -10 -4 -6
right_child=1 5 3 4 13 6 -8 -9 10 -11 -12 -13 -14 -15
leaf_value=-0.052637487437815239 -0.0528617158718565 0.0057422512801218566 0.0045339616223338897 0.14091088681899572 -0.057768890026848312 -0.027328828642209115 0.12524826312419557 0.12489820329657503 0.12907088646089201 0.03633852000706677 0.13483079178727383 0.050304678547354612 -0.052644027145917274 0.01401288959986563
leaf_weight=87.100584805011749 3.7548096179962149 3.6174741834402111 2.467917092144492 2.6881290376186362 1.7205183431506159 3.3906512856483451 3.8272276967763901 22.240609981119633 3.1657499894499761 2.0761474221944809 7.2432451099157333 3.3358575962483883 11.16068536788225 1.4117652699351309
leaf_count=1830 74 33 25 16 23 42 16 97 16 15 32 26 234 21
internal_value=-0.00154943 0.0876563 -0.0456307 -0.0142515 0.0514014 0.101201 0.0535741 0.109881 0.0906446 -0.0211014 0.11299 0.0886574 -0.04229 -0.0254158
internal_weight=159.201 52.6518 106.55 19.449 5.82041 46.8208 7.21788 39.6029 17.3623 5.83096 13.7449 6.50161 13.6286 3.13228
internal_count=2500 351 2149 319 60 262 58 204 107 89 74 42 259 44
is_linear=0
shrinkage=0.05


Tree=9
num_leaves=15
num_cat=0
split_feature=0 3 0 3 5 5 0 3 0 3 5 0 0 1
split_gain=226.94 26.9438 9.26978 13.066 13.14 7.19685 13.0012 13.7552 5.76014 2.70843 2.59277 1.90301 1.52213 0.555148
threshold=69.994388307554814 30.80018624979466 45.741332697838693 73.257750360134182 22.799320456502873 34.052957958094808 105.31624199287644 75.651370184557607 150.32607358514119 61.420360119682023 14.306288805658079 76.804441595842491 57.207098852617555 107.21683880026511
decision_type=2 2 2 2 2 2 2 2 2 2 2 2 2 2
left_child=2 8 -1 10 -5 11 7 9 13 -7 -4 -3 -6 -2
right_child=1 5 3 4 12 6 -8 -9 -10 -11 -12 -13 -14 -15
leaf_value=-0.052502248880484319 -0.016541807385369534 0.080682494401022486 0.0042917093727315092 0.12368769427708458 -0.05737661558273182 -0.043315598642747019 0.11200115421030082 0.1068835675980294 0.068127724119079594 0.026959884771571116 -0.05250843378787115 0.11622982090416839 0.013164997848793939 -0.054494499901468513
leaf_weight=83.060663938522339 1.3550376407802094 4.47075226902962 2.4766318500041988 2.9031833112239829 1.6475137546658518 3.7351950481534022 9.5536221414804441 3.5638092234730721 1.5324988365173338 2.1661408469080925 10.64309389144182 23.851008020341396 1.4271465241909025 3.3348089568316936
leaf_count=1830 26 25 25 16 23 50 40 21 10 17 234 105 21 57
internal_value=-0.00157358 0.0817863 -0.0452802 -0.0138696 0.0473996 0.0946429 0.070853 0.0293201 -0.016029 -0.0175203 -0.0417862 0.110618 -0.0246337 -0.0435288
internal_weight=155.721 53.5629 102.158 19.0976 5.97784 47.3405 19.0188 9.46515 6.22235 5.90134 13.1197 28.3218 3.07466 4.68985
internal_count=2500 351 2149 319 60 258 128 88 93 67 259 130 44 83
is_linear=0
shrinkage=0.05


Tree=10
num_leaves=15
num_cat=0
split_feature=0 3 0 0 3 5 5 0 3 0 3 5 0 2
split_gain=206.544 23.7161 11.0381 9.1608 11.9664 10.9904 6.45764 11.7329 5.65224 3.11847 6.6697 2.54374 1.53536 0.474645
threshold=69.994388307554814 37.801939545186336 108.87374379046385 45.741332697838693 73.257750360134182 22.799320456502873 46.704275397605876 118.06914305104239 29.475705499290644 80.609088403102007 68.128287315209448 14.306288805658079 57.756036160473762 19.774154591662722
decision_type=2 2 2 2 2 2 2 2 2 2 2 2 2 2
left_child=3 2 -2 -1 11 -6 9 -8 -4 10 -3 -5 -7 -11
right_child=1 6 8 4 5 12 7 -9 -10 13 -12 -13 -14 -15
leaf_value=-0.052374261581910254 -0.053201925638184544 0.018549218896667281 0.0075006317965721908 0.0040632014622316729 0.11029373317978382 -0.056875905453638624 -0.024738520709995826 0.10710402972260565 0.10912157035640668 0.11283041015616285 0.10454590488430791 -0.052380123249610437 0.014652956584192373 0.096882842705487415
leaf_weight=79.197944663465023 4.3322231881320459 3.3117508217692357 3.0293649584054947 2.4848997592926052 3.0877542197704306 1.6258402466773989 3.0796568281948558 3.7328488081693649 2.4955719783902168 21.191318109631542 7.0637015402317047 10.14819799363613 1.392996948212385 5.9830237291753283
leaf_count=1830 85 23 31 25 16 24 38 15 13 89 30 234 20 27
internal_value=-0.00159135 0.0767025 0.00654958 -0.0449357 -0.013499 0.0439689 0.0922902 0.0475034 0.053402 0.100416 0.0770965 -0.0412779 -0.02387 0.109319
internal_weight=152.157 54.2195 9.85716 97.9376 18.7397 6.10659 44.3623 6.81251 5.52494 37.5498 10.3755 12.6331 3.01884 27.1743
internal_count=2500 351 129 2149 319 60 222 53 44 169 53 259 44 116
is_linear=0
shrinkage=0.05


Tree=11
num_leaves=15
num_cat=0
split_feature=0 3 0 0 3 5 5 0 1 0 0 0 0 5
split_gain=188.869 20.8859 10.0477 9.04488 11.1565 14.6355 5.72713 13.7548 5.3974 1.49599 1.36576 1.12228 0.995827 0.477304
threshold=69.994388307554814 37.801939545186336 108.87374379046385 45.741332697838693 63.863867274938507 22.799320456502873 42.095915494938446 98.80288571005697 188.36377939803609 76.804441595842491 82.29615986814882 59.408049695474368 47.406293513914029 34.052957958094808
decision_type=2 2 2 2 2 2 2 2 2 2 2 2 2 2
left_child=3 2 -2 -1 12 -6 9 10 -4 -3 -8 -7 -5 -11
right_child=1 6 8 4 5 11 7 -9 -10 13 -12 -13 -14 -15
leaf_value=-0.052253113773774278 -0.053040185256208905 0.072583114811742441 0.10149201348929687 0.0012116526330836076 0.10122809013073564 -0.055082912725643085 -0.05503902962558177 0.095807265300608332 0.0035875395784506271 0.10439858585539381 0.0082358158463693692 -0.0040556688489270434 -0.0531381770765251 0.088930973268760483
leaf_weight=75.505671054124832 4.1331869885325414 5.5002838000655165 2.6526288986206055 0.92747105658054607 3.8511795476078969 2.4329859204590321 1.9335687719285473 6.6467176377773285 2.9995878934860229 22.779124200344089 1.5257564969360826 1.9341953247785566 9.2325321882963163 6.3857372701168051
leaf_count=1830 85 27 18 21 25 44 27 31 26 93 16 34 195 28
internal_value=-0.0016031 0.0723823 0.00620892 -0.0445965 -0.0131399 0.0301748 0.0868454 0.0537251 0.0495349 0.0965011 -0.0271313 -0.0324833 -0.0481768 0.101012
internal_weight=148.441 54.5566 9.7854 93.884 18.3784 8.21836 44.7712 10.106 5.65222 34.6651 3.45933 4.36718 10.16 29.1649
internal_count=2500 351 129 2149 319 103 222 74 44 148 43 78 216 121
is_linear=0
shrinkage=0.05


Tree=12
num_leaves=15
num_cat=0
split_feature=0 3 0 5 3 0 3 0 5 5 3 3 0 2
split_gain=173.163 19.1663 8.92881 10.5316 8.28829 5.5043 12.1911 4.83277 4.82969 5.66528 3.38133 3.04022 2.78974 1.05182
threshold=69.994388307554814 30.80018624979466 45.741332697838693 16.140390864219331 64.590731521667038 96.813591485289763 52.851453796326716 137.60851805603482 34.252856314222164 42.095915494938446 76.050622657865574 47.044591879375126 56.077029384489869 13.366668472002933
decision_type=2 2 2 2 2 2 2 2 2 2 2 2 2 2
left_child=2 7 -1 4 -4 6 11 -2 -8 -10 -5 -3 -12 -7
right_child=1 5 3 10 -6 13 8 -9 9 -11 12 -13 -14 -15
leaf_value=-0.052138400086303764 -0.05296051852553451 -0.054575931600130481 -0.014854562554064846 -0.052242767861034933 0.11539409623132064 0.10311813366714062 0.096898268435358426 0.038088396564554726 0.085094367005994556 -0.016090530876045558 -0.038018553011301574 0.029707980166123589 0.047770035091509705 0.083283217595832071
leaf_weight=71.977243982255459 3.5523561500012866 2.290008723735812 2.4572317227721241 9.3503861613571626 2.4285429939627647 14.618329316377642 11.851808622479441 2.4713497906923294 3.1461159586906424 2.4689290635287762 1.9474664516746991 2.0081960447132587 1.8458311222493646 12.313970349729059
leaf_count=1830 77 37 30 233 13 62 48 16 13 28 20 14 23 56
internal_value=-0.00161232 0.0685302 -0.0442566 -0.0127911 0.0498874 0.0789376 0.0602383 -0.0156058 0.0788013 0.0406035 -0.0360899 -0.015197 0.00372646 0.0940492
internal_weight=144.728 54.7211 90.0067 18.0295 4.88577 48.6974 21.7651 6.02371 17.4669 5.61505 13.1437 4.2982 3.7933 26.9323
internal_count=2500 351 2149 319 43 258 140 93 89 41 276 51 43 118
is_linear=0
shrinkage=0.05


Tree=13
num_leaves=15
num_cat=0
split_feature=0 3 0 3 5 5 0 3 0 5 0 0 3 4
split_gain=159.289 17.1239 8.82679 11.0976 12.4081 4.91993 9.16159 8.07645 4.50176 1.9938 4.66593 1.91394 1.66143 1.15394
threshold=69.994388307554814 30.80018624979466 54.377248749421042 63.863867274938507 22.799320456502873 34.052957958094808 103.93171275653486 72.555280479236515 137.60851805603482 12.987636726583476 45.741332697838693 86.398015842923698 44.406493626531756 1055.4763912551468
decision_type=2 2 2 2 2 2 2 2 2 2 2 2 2 2
left_child=2 8 9 -4 -5 12 7 11 -2 10 -1 -7 -3 -6
right_child=1 5 3 4 13 6 -8 -9 -10 -11 -12 -13 -14 -15
leaf_value=-0.052029770934262524 -0.052812725616318612 0.059466428987723946 -0.052805194773829493 0.13192796342262786 0.0083931425789197499 -0.055166922368804175 0.088103867873469396 0.071551263851836175 0.0353600421326963 -0.05221761978428402 0.045191946900927725 0.0060692960680232833 0.09288783597214445 -0.055023981208529409
leaf_weight=3.9364221319556227 3.3883231766521922 4.3714572302997139 5.2536877468228322 2.4634554237127304 1.5562210865318777 2.3907582722604293 10.209448888897894 4.1167338192462921 2.5274260491132736 69.967778757214546 1.7976996377110479 2.7365797832608223 24.896693959832191 1.3306655101478098
leaf_count=105 77 29 123 14 27 36 44 23 16 1842 13 25 101 25
internal_value=-0.00161735 0.0651888 -0.0439101 -0.00118637 0.0495 0.0749425 0.0554536 0.0193936 -0.0151421 -0.0498947 -0.0215499 -0.0224837 0.0878961 -0.020838
internal_weight=140.943 54.6374 86.3059 10.604 5.35034 48.7217 19.4535 9.24407 5.91575 75.7019 5.73412 5.12734 29.2682 2.88689
internal_count=2500 351 2149 189 66 258 128 84 93 1960 118 61 130 52
is_linear=0
shrinkage=0.05


Tree=14
num_leaves=15
num_cat=0
split_feature=0 3 0 3 5 0 5 3 5 3 0 3 1 0
split_gain=146.791 15.3961 8.67612 9.16116 11.3231 4.54982 10.9426 10.0775 3.39688 3.33382 6.93675 2.01455 1.20284 1.06475
threshold=69.994388307554814 29.475705499290644 45.741332697838693 63.863867274938507 15.497025001105253 113.63925891906143 46.704275397605876 47.044591879375126 27.982415854311288 20.748906758593755 137.60851805603482 61.649874850638774 131.25925088363957 47.406293513914029
decision_type=2 2 2 2 2 2 2 2 2 2 2 2 2 2
left_child=2 9 -1 13 -5 6 7 -3 -6 -2 -11 -9 -8 -4
right_child=1 5 3 4 8 -7 12 11 -10 10 -12 -13 -14 -15
leaf_value=-0.051926520667393831 -0.056480762442593195 -0.014531814103110351 0.0057980202203715223 0.11909027337499441 0.023037041306871051 0.089793110481608915 0.0031708841641846148 0.059396290879108027 -0.052388948241107014 -0.052206785110568504 0.1151870299742678 0.090683678163222523 -0.057519024731098857 -0.05281464845987497
leaf_weight=65.375598147511482 2.7906552888452998 3.1641039475798669 0.85649666935205715 2.3308065682649595 3.342454306781292 19.269912630319595 1.6034991182386868 7.61822506412864 2.6973329707980156 1.3773481063544752 1.1239120513200758 15.847270250320433 1.6632936671376226 8.1259634383022767
leaf_count=1830 47 37 21 12 26 79 22 37 65 35 7 67 20 195
internal_value=-0.00162121 0.0621257 -0.0435842 -0.0121557 0.025478 0.0708477 0.0586364 0.0692313 -0.0106478 -0.0189091 0.0230097 0.080526 -0.0277295 -0.0472258
internal_weight=137.187 54.4582 82.7287 17.3531 8.37059 49.1663 29.8964 26.6296 6.03979 5.29192 2.50126 23.4655 3.26679 8.98246
internal_count=2500 351 2149 319 103 262 183 141 91 89 42 104 42 216
is_linear=0
shrinkage=0.05


Tree=15
num_leaves=15
num_cat=0
split_feature=0 3 0 3 5 0 2 1 5 0 5 0 0 3
split_gain=135.612 14.0372 8.5654 9.74092 9.45875 7.59818 4.59637 4.01765 2.37582 4.07534 1.94658 3.98875 1.40885 2.32971
threshold=69.994388307554814 37.801939545186336 54.377248749421042 63.863867274938507 22.799320456502873 108.87374379046385 25.882704554760767 188.36377939803609 45.59464569176486 121.81154016119866 12.987636726583476 45.741332697838693 80.609088403102007 71.637849802166571
decision_type=2 2 2 2 2 2 2 2 2 2 2 2 2 2
left_child=2 5 10 -4 -5 -2 8 -7 12 -10 11 -1 13 -3
right_child=1 6 3 4 -6 7 -8 -9 9 -11 -12 -13 -14 -15
leaf_value=-0.051829353816570327 -0.052855989223728521 0.032062493620608055 -0.052531492344942844 0.11280029181152929 -0.019342906053993497 0.081458291714199008 0.025170032434218198 -0.00081003643416809382 0.0046756424124955167 0.085601311665843838 -0.052027772248509824 0.038291381507432561 0.088352140935741272 0.084700495044220822
leaf_weight=3.5752479359507552 3.6054812967777234 3.3363650664687139 4.7771950922906381 2.6552023515105247 2.7637928240001202 2.8859964162111282 4.8315417505800715 3.0549867264926434 2.8681435920298091 3.3998298645019531 63.654210206121206 1.8699844405055044 24.419911652803421 5.6818560659885406
leaf_count=105 85 20 123 14 52 18 32 26 31 14 1842 13 102 23
internal_value=-0.00162332 0.0594236 -0.0432608 -0.000481099 0.0454047 0.00440398 0.0712168 0.0391541 0.0768199 0.0485708 -0.0495733 -0.0208804 0.0821152 0.0652266
internal_weight=133.38 54.0841 79.2956 10.1962 5.419 9.54646 44.5376 5.94098 39.7061 6.26797 69.0994 5.44523 33.4381 9.01822
internal_count=2500 351 2149 189 66 129 222 44 190 45 1960 118 145 43
is_linear=0
shrinkage=0.05


Tree=16
num_leaves=15
num_cat=0
split_feature=0 3 0 1 5 2 3 0 5 3 3 0 3 2
split_gain=125.375 13.0325 8.38525 8.47484 6.57151 5.17752 8.44649 4.44794 8.74912 9.23043 3.11841 5.59424 2.51926 1.2811
threshold=69.994388307554814 29.475705499290644 45.741332697838693 29.773899386949171 32.295372615078094 5.6141351067202843 63.863867274938507 96.813591485289763 42.095915494938446 48.817369730638525 20.748906758593755 137.60851805603482 88.30740695693477 19.567580306060687
decision_type=2 2 2 2 2 2 2 2 2 2 2 2 2 2
left_child=2 10 -1 4 -4 6 -5 8 9 -3 -2 -12 -7 -10
right_child=1 7 3 5 -6 12 -8 -9 13 -11 11 -13 -14 -15
leaf_value=-0.05173632649506367 -0.056489425837507316 -0.024650522803844426 0.12450345508002436 -0.052667591050300944 -0.051748989789991685 -0.051535276003891343 0.10495529309482161 0.078493988771330861 0.0063147874496314246 0.076197618122041066 -0.05207281922002413 0.097307674232311236 0.032213149033396393 -0.055683236427182405
leaf_weight=59.355518482625484 2.6517067775130263 2.6526818312704625 1.791149791330102 1.6809884235262864 0.75042172521352757 9.7165300659835303 1.7191150858998296 26.858165763318539 1.58157455548644 15.685206636786459 1.2762808352708819 1.2315116524696348 0.98940240591764528 1.7609804421663282
leaf_count=1830 47 31 17 43 23 206 19 121 22 65 35 7 11 23
internal_value=-0.00162017 0.0568643 -0.0429409 -0.0115815 0.0724633 -0.0267244 0.0270276 0.0648951 0.0480486 0.0616094 -0.0186874 0.0212841 -0.0437956 -0.026348
internal_weight=129.701 53.6981 76.0031 16.6476 2.54157 14.106 3.4001 48.5386 21.6804 18.3379 5.1595 2.50779 10.7059 3.34255
internal_count=2500 351 2149 319 40 279 62 262 141 96 89 42 217 45
is_linear=0
shrinkage=0.05


Tree=17
num_leaves=15
num_cat=0
split_feature=0 3 0 1 5 0 3 0 5 0 1 0 3 4
split_gain=116.411 16.9989 13.6539 6.22693 5.94364 10.3005 7.78821 2.85921 1.86037 3.52806 1.23525 2.58697 6.14754 0.756924
threshold=55.527373194093833 46.163775893584805 105.31624199287644 225.81542336228682 34.052957958094808 98.80288571005697 82.746964831419646 84.609715340729238 12.987636726583476 45.741332697838693 35.24267662950006 73.86228160841776 76.050622657865574 3391.574971091743
decision_type=2 2 2 2 2 2 2 2 2 2 2 2 2 2
left_child=8 2 13 -4 10 6 7 -6 9 -1 -3 12 -12 -2
right_child=1 4 3 -5 5 -7 -8 -9 -10 -11 11 -13 -14 -15
leaf_value=-0.051649380232188652 -0.053007628474142546 0.10756270236529315 0.077543206739424664 -0.01223513110652847 -0.057292224914779789 0.077457537597665285 0.068170870515319282 0.014710076918399335 -0.051230104715739994 0.033980521702243513 -0.011760216960715324 0.082878177002095904 0.089069042356974992 -0.00019061613544608881
leaf_weight=3.2460080645978442 6.5413086563348761 3.0024932920932796 5.4668130651116353 2.9865138344466686 3.7646364215761441 9.2552316412329656 2.9764144271612167 2.1755566895008087 59.130850365385413 1.9110886976122854 2.6613251529634026 18.673154219985008 3.4995575547218323 0.75681778043508519
leaf_count=105 164 13 33 23 72 42 18 14 1862 13 31 79 17 14
internal_value=-0.00162189 0.0474023 0.00257058 0.045825 0.0627509 0.0405083 0.00215586 -0.0309219 -0.0487182 -0.0199171 0.077271 0.0736087 0.0455137 -0.0475305
internal_weight=126.048 61.7598 15.7515 8.45333 46.0084 18.1718 8.91661 5.94019 64.2879 5.1571 27.8365 24.834 6.16088 7.29813
internal_count=2500 520 234 56 286 146 104 86 1980 118 140 127 48 178
is_linear=0
shrinkage=0.05


Tree=18
num_leaves=15
num_cat=0
split_feature=0 3 0 1 2 5 0 3 1 5 0 5 4 1
split_gain=108.449 15.5671 12.5273 5.47151 5.45292 3.5079 7.49596 7.11184 1.95704 1.85382 3.31273 1.35497 0.937889 0.921078
threshold=55.527373194093833 46.163775893584805 105.31624199287644 225.81542336228682 26.089100171575328 34.052957958094808 84.609715340729238 82.746964831419646 119.19086484055354 12.987636726583476 45.741332697838693 35.609714962850312 29.135628868189933 35.24267662950006
decision_type=2 2 2 2 2 2 2 2 2 2 2 2 2 2
left_child=9 2 -2 -4 5 12 7 -7 -8 10 -1 -6 -3 -14
right_child=1 4 3 -5 11 6 8 -9 -10 -11 -12 -13 13 -15
leaf_value=-0.051566351320388559 -0.047163492495910189 0.15640040549019185 0.072349109069733561 -0.011681803022568788 0.038196518277374004 -0.058163771745487508 0.095689698419790206 0.066684427443167688 0.052019152248562461 -0.051095744892185158 0.031761851104552312 -0.014204017118985463 0.10273329783131752 0.073140541487039842
leaf_weight=3.0925442744046441 6.9957235157489768 0.37448203563690441 5.5636905245482904 2.9719574972987175 2.3648597300052634 2.6903483644127837 4.5324020832777006 1.9802604019641874 5.9114703685045242 56.391193704679608 1.9415404573082922 2.579112995415926 2.9868066459894207 21.97742585092783
leaf_count=105 178 2 33 23 12 54 20 11 31 1862 13 29 13 114
internal_value=-0.00161786 0.045647 0.00243813 0.0430911 0.0604297 0.0664877 0.0474238 -0.00523021 0.0709712 -0.0485005 -0.0194284 0.0108608 0.0778593 0.0766811
internal_weight=122.354 60.9285 15.5314 8.53565 45.3972 40.4532 15.1145 4.67061 10.4439 61.4253 5.03408 4.94397 25.3387 24.9642
internal_count=2500 520 234 56 286 245 116 65 51 1980 118 41 129 127
is_linear=0
shrinkage=0.05


Tree=19
num_leaves=15
num_cat=0
split_feature=0 3 0 2 3 5 0 3 5 1 0 4 3 4
split_gain=100.974 14.1947 11.5026 5.0314 4.93925 3.16633 6.76561 5.32981 1.84725 3.16879 4.78975 1.53279 1.34748 0.805562
threshold=55.527373194093833 46.163775893584805 105.31624199287644 26.089100171575328 30.80018624979466 34.052957958094808 80.609088403102007 82.746964831419646 12.987636726583476 87.4873729617088 45.741332697838693 900.6921708006895 65.21485475924969 29.135628868189933
decision_type=2 2 2 2 2 2 2 2 2 2 2 2 2 2
left_child=8 2 -2 5 -4 13 7 -7 9 10 -1 -5 -8 -3
right_child=1 3 4 11 -6 6 12 -9 -10 -11 -12 -13 -14 -15
leaf_value=-0.051487626491236171 -0.04672711626302975 0.14723768238485554 -0.00068766588988528629 0.037237676924967447 0.075356071641039912 -0.057722397068826474 0.046225756253231186 0.05776602069161383 -0.05096367241817748 -0.055539868653812163 0.09517096862591734 -0.018598618832829421 0.081850397451508766 0.07367040653270264
leaf_weight=1.0662088803946965 6.7151262834668151 0.37780214846134441 3.9338595345616323 2.5533842928707591 4.6707415282726288 2.3697818592190734 4.6834096573293191 1.7271151244640348 53.776487180963159 2.6847302820533514 1.1650538668036459 2.3698952216655016 6.1268359571695328 24.692035503685474
leaf_count=38 178 2 36 19 20 52 25 10 1862 73 7 22 29 127
internal_value=-0.0016115 0.0438749 0.0023163 0.0580545 0.0405903 0.0639282 0.0456799 -0.00903633 -0.0482817 -0.0189436 0.0250902 0.01036 0.0664164 0.0747791
internal_weight=118.912 60.22 15.3197 44.9003 8.6046 39.977 14.9071 4.0969 58.6925 4.91599 2.23126 4.92328 10.8102 25.0698
internal_count=2500 520 234 286 56 245 116 62 1980 118 45 41 54 129
is_linear=0
shrinkage=0.05


Tree=20
num_leaves=15
num_cat=0
split_feature=0 3 0 5 0 1 5 0 5 3 5 1 0 2
split_gain=94.1382 12.9006 10.6819 4.79997 9.92426 4.25341 2.89346 2.8679 6.39038 3.74904 1.82224 2.98625 4.24517 0.849369
threshold=55.527373194093833 46.163775893584805 98.80288571005697 46.704275397605876 103.93171275653486 225.81542336228682 22.594353005612518 73.86228160841776 22.799320456502873 76.050622657865574 12.987636726583476 87.4873729617088 45.741332697838693 19.774154591662722
decision_type=2 2 2 2 2 2 2 2 2 2 2 2 2 2
left_child=10 2 -2 7 -5 6 -4 8 -3 -10 11 12 -1 -9
right_child=1 3 5 4 -6 -7 -8 13 9 -11 -12 -13 -14 -15
leaf_value=-0.051412969280897926 -0.0524442871133384 0.073312042889167914 0.10266515234905033 -0.053973269205464462 0.068979801475100841 -0.013989762633301287 0.032608638118407196 0.075781574740129934 -0.062522091465962423 0.036293220365819868 -0.050833561682930385 -0.055335520630601577 0.087367254336317979 0.055991417953768011
leaf_weight=1.0156448371708386 5.6058125384151927 5.5010984651744348 2.3038293682038766 2.8481093831360331 3.8729197829961777 3.040169034153223 4.0912618860602379 21.009221740067009 1.8296649884432556 2.0191348567605019 51.28141956590116 2.5629880521446466 1.2045765370130537 7.3075494654476634
leaf_count=38 165 29 11 55 18 24 34 96 37 15 1862 73 7 36
internal_value=-0.00160461 0.0422404 0.00222121 0.0558012 0.0168771 0.0346999 0.0578465 0.0627466 0.0387366 -0.0106822 -0.0480806 -0.0185652 0.023882 0.0706744
internal_weight=115.493 59.4288 15.0411 44.3877 6.72103 9.43526 6.39509 37.6667 9.3499 3.8488 56.0646 4.78321 2.22022 28.3168
internal_count=2500 520 234 286 73 69 45 213 81 52 1980 118 45 132
is_linear=0
shrinkage=0.05


Tree=21
num_leaves=15
num_cat=0
split_feature=0 3 0 0 5 3 3 5 0 5 1 0 2 0
split_gain=87.8886 11.9766 8.4421 5.50855 8.32856 4.2051 3.83865 2.59885 4.86387 1.79623 2.81638 3.78448 1.00721 0.564383
threshold=55.527373194093833 42.304679004240462 108.87374379046385 75.394681253150608 22.799320456502873 85.293209130438726 30.80018624979466 42.095915494938446 103.93171275653486 12.987636726583476 87.4873729617088 45.741332697838693 10.058461127863284 54.377248749421042
decision_type=2 2 2 2 2 2 2 2 2 2 2 2 2 2
left_child=9 2 -2 4 -3 12 -4 -5 -9 10 11 -1 -6 -11
right_child=1 3 6 7 5 -7 -8 8 -10 13 -12 -13 -14 -15
leaf_value=-0.051342163612212527 -0.052397531534350665 0.065259657340484375 -0.00089507178453565291 0.070184099722176485 -0.010450218023732772 0.061055246812224864 0.073615018207205077 -0.011486643869232952 0.066258084809238782 -0.051512491728584936 -0.055137027377054698 0.080625759458193669 -0.05951134176411188 -0.014967813760946282
leaf_weight=0.96741003915667478 5.1066129822283965 5.7181943170726282 3.8991047106683254 26.044284790754318 1.624807985499501 1.2629680596292017 3.1051797568798065 3.1130548268556577 5.6868428066372871 47.820507686585188 2.4465455301105976 1.2390889674425123 2.9372775889933109 1.0803594384342421
leaf_count=38 158 33 34 120 30 8 13 32 27 1842 73 7 65 20
internal_value=-0.00159951 0.0407697 -0.00350726 0.0523295 0.0223938 -0.0196857 0.0321372 0.0622467 0.0387551 -0.0478805 -0.0181949 0.0227662 -0.042038 -0.0507051
internal_weight=112.052 58.4983 12.1109 46.3874 11.5432 5.82505 7.00428 34.8442 8.7999 53.5539 4.65304 2.2065 4.56209 48.9009
internal_count=2500 520 205 315 136 103 47 179 59 1980 118 45 95 1862
is_linear=0
shrinkage=0.05


Tree=22
num_leaves=15
num_cat=0
split_feature=0 3 0 3 5 0 5 3 3 2 5 1 4 5
split_gain=82.1619 11.2844 8.13751 12.2996 4.62378 3.07951 6.69877 5.98123 2.91429 2.48474 1.77066 2.65794 3.35152 1.35675
threshold=55.527373194093833 20.748906758593755 76.804441595842491 61.420360119682023 22.799320456502873 118.06914305104239 46.923778376296319 42.304679004240462 83.039010059853339 10.533353862539451 12.987636726583476 87.4873729617088 29.135628868189933 34.052957958094808
decision_type=2 2 2 2 2 2 2 2 2 2 2 2 2 2
left_child=10 -2 3 -3 -5 6 7 9 -6 -4 11 12 -1 -9
right_child=1 2 5 4 8 -7 -8 13 -10 -11 -12 -13 -14 -15
leaf_value=0.23508855620049007 -0.056250922192208369 -0.049297995922322521 0.035729925460169211 0.07990761732921739 -0.034633831054638957 0.07373953527344812 -0.027860404910151588 0.073057071351578171 0.048359823407522179 -0.059084322089571963 -0.050588805270119268 -0.054944271449220441 0.0038025443894443428 0.04423486125358872
leaf_weight=0.16979308985173647 2.9248492158949366 5.1856095287948838 1.311367386952049 4.9397542327642423 2.0245486050844193 15.317770525813101 2.7831760272383681 13.453043207526209 2.2150051407516003 1.4606441427022216 46.62091650813818 2.3351850509643555 2.020895941182971 5.8622661568224421
leaf_count=2 65 131 14 23 45 74 32 63 14 28 1862 73 43 31
internal_value=-0.00159216 0.0394282 0.044558 0.0122579 0.0470322 0.0561033 0.0452412 0.0544525 0.00872719 -0.0142301 -0.0476902 -0.0178317 0.0217288 0.0643094
internal_weight=108.625 57.478 54.5532 14.3649 9.17931 40.1883 24.8705 22.0873 4.23955 2.77201 51.1468 4.52587 2.19069 19.3153
internal_count=2500 520 455 213 82 242 168 136 59 42 1980 118 45 94
is_linear=0
shrinkage=0.05


Tree=23
num_leaves=15
num_cat=0
split_feature=0 3 0 3 5 0 5 3 3 5 2 5 0 3
split_gain=76.8559 10.4406 7.50551 11.3272 4.17317 2.88797 6.15493 5.50615 2.64733 2.51163 2.31617 1.4008 0.69556 2.46486
threshold=55.527373194093833 20.748906758593755 76.804441595842491 61.420360119682023 22.799320456502873 118.06914305104239 46.923778376296319 42.304679004240462 83.039010059853339 10.652546811689463 10.533353862539451 34.052957958094808 50.535770301736171 77.463365861041524
decision_type=2 2 2 2 2 2 2 2 2 2 2 2 2 2
left_child=9 -2 3 -3 -5 6 7 10 -6 -1 -4 -9 -11 -14
right_child=1 2 5 4 8 -7 -8 11 -10 12 -12 -13 13 -15
leaf_value=0.028668701471599008 -0.055961909755055987 -0.048696775893171763 0.033457699938523336 0.076253519309933571 -0.033796469393241206 0.071618234522857635 -0.026953525492881377 0.071287549847240048 0.045789373271817771 -0.050660285805592668 -0.058718115536375487 0.041910434478007214 -0.054613640841021993 0.047384171751073983
leaf_weight=1.0604065246880043 2.7962083891034117 4.9920760095119467 1.3299103230238025 4.9181621521711332 1.972317650914192 14.991217344999312 2.7342444676905862 13.106427684426309 2.2221867181360722 44.949893914163113 1.3978545051068065 5.8776114434003821 2.0668694097548719 0.83023484610021103
leaf_count=23 65 131 14 23 45 74 32 63 14 1888 28 31 60 9
internal_value=-0.00158437 0.0382256 0.0431446 0.0118417 0.0450057 0.05434 0.0437444 0.0526476 0.00836694 -0.047443 -0.0137782 0.0621922 -0.0491298 -0.0253837
internal_weight=105.246 56.3382 53.542 14.1047 9.11267 39.4373 24.446 21.7118 4.1945 48.9074 2.72776 18.984 47.847 2.8971
internal_count=2500 520 455 213 82 242 168 136 59 1980 42 94 1957 69
is_linear=0
shrinkage=0.05


Tree=24
num_leaves=15
num_cat=0
split_feature=0 3 0 3 5 3 0 3 5 2 5 0 3 4
split_gain=71.9289 9.66923 6.93325 10.4398 4.9267 2.78512 2.71544 5.68164 4.35147 2.43421 2.41677 0.700418 2.29991 0.57967
threshold=55.527373194093833 20.748906758593755 76.804441595842491 61.420360119682023 28.177995837883039 83.039010059853339 118.06914305104239 42.304679004240462 42.095915494938446 9.7717935023135691 10.652546811689463 50.535770301736171 77.463365861041524 2320.6908029882657
decision_type=2 2 2 2 2 2 2 2 2 2 2 2 2 2
left_child=10 -2 3 -3 -5 -6 7 9 -9 -4 -1 -12 -13 -8
right_child=1 2 6 4 5 -7 13 8 -10 -11 11 12 -14 -15
leaf_value=0.026733314261230712 -0.055685501463208199 -0.048088149971854878 0.029971956229963615 0.069486955503212156 -0.058175795778026729 0.037380831043285316 0.075683354891326438 0.063928879622806759 0.0088113911007437658 -0.058594875017522391 -0.050536676675724326 -0.054417154546085922 0.044035078616584594 0.0532796169013251
leaf_weight=1.0797983873635519 2.672705151140689 4.8072015028446904 1.3703837953507929 5.9832376427948457 1.4684626311063769 1.5862327739596365 10.701011270284651 16.262230649590496 4.5921313762664786 1.7880972642451523 42.859625548124313 1.9729870539158576 0.84822555631399144 3.9540544971823683
leaf_count=23 65 131 15 32 39 11 53 79 38 36 1888 60 9 21
internal_value=-0.00157493 0.0370851 0.0418068 0.0114447 0.0431097 -0.00855545 0.052678 0.0423269 0.051792 -0.020168 -0.0472006 -0.0489482 -0.0248165 0.0696386
internal_weight=101.946 55.1857 52.513 13.8451 9.03793 3.0547 38.6679 24.0128 20.8544 3.15848 46.7606 45.6808 2.82121 14.6551
internal_count=2500 520 455 213 82 50 242 168 117 51 1980 1957 69 74
is_linear=0
shrinkage=0.05


Tree=25
num_leaves=15
num_cat=0
split_feature=0 3 0 3 4 5 0 3 5 4 5 3 2 0
split_gain=67.3243 8.95825 6.42911 8.47889 4.08315 2.73772 3.87082 5.43607 2.32897 1.91774 1.41447 1.14218 1.01961 0.704787
threshold=55.527373194093833 20.748906758593755 75.394681253150608 61.420360119682023 1282.4092169199473 35.073586540042562 98.80288571005697 75.651370184557607 10.652546811689463 1958.2210388574583 20.989980650852043 37.801939545186336 15.341540786543952 50.535770301736171
decision_type=2 2 2 2 2 2 2 2 2 2 2 2 2 2
left_child=8 -2 3 -3 10 11 7 12 -1 -8 -5 -4 -7 -10
right_child=1 2 5 4 -6 6 9 -9 13 -11 -12 -13 -14 -15
leaf_value=0.024961552045598287 -0.055421212631165055 -0.046995710839388687 0.03303103522272996 0.087726469180943289 -0.012870554548814764 -0.0094305558224951624 0.070235422580247037 0.060608398893221317 -0.050413289606059952 0.025894789328580737 0.038103249045970185 0.065986425009181379 -0.065080241379747342 -0.02425457040193247
leaf_weight=1.0981301255524147 2.5541734732687464 4.3477173894643775 3.028460485860708 2.8414800986647588 2.5999861527234316 1.5149529874324792 6.2362644597887975 2.2809785194694996 40.866621803492308 4.0042677074670792 2.9033293854445219 19.942228183150291 1.8022914063185451 2.7480793017894021
leaf_count=23 65 125 33 13 31 20 35 14 1888 22 35 103 24 69
internal_value=-0.00156522 0.0359787 0.0405115 0.00962079 0.0391185 0.0506143 0.0346216 0.00119074 -0.0469544 0.0528973 0.0626477 0.0616416 -0.0396656 -0.0487651
internal_weight=98.769 54.0561 51.502 12.6925 8.3448 38.8094 15.8388 5.59822 44.7128 10.2405 5.74481 22.9707 3.31724 43.6147
internal_count=2500 520 455 204 79 251 115 58 1980 57 48 136 44 1957
is_linear=0
shrinkage=0.05


Tree=26
num_leaves=15
num_cat=0
split_feature=0 3 0 3 5 0 1 5 0 3 5 0 3 3
split_gain=62.9288 8.28458 5.98333 12.4531 3.97036 3.15064 3.08016 2.24564 1.54044 3.34306 1.58881 0.726883 2.19128 0.530359
threshold=55.527373194093833 20.748906758593755 80.609088403102007 61.420360119682023 28.177995837883039 73.386430131783683 258.70669608540948 10.652546811689463 118.06914305104239 42.304679004240462 35.609714962850312 50.535770301736171 77.463365861041524 92.169127344819231
decision_type=2 2 2 2 2 2 2 2 2 2 2 2 2 2
left_child=7 -2 3 -3 -5 -6 8 -1 9 -4 -11 13 -13 -9
right_child=1 2 6 4 5 -7 -8 11 -10 10 -12 12 -14 -15
leaf_value=0.023335234595691322 -0.055168578116190525 -0.048604560258845998 -0.0076163065937853453 0.064710905977403074 -0.041533857457388489 0.041653047985812909 0.014738566499819049 -0.051315376667684987 0.071656750436735361 0.069493284756340368 0.033575376624098763 -0.054145960218359879 0.042664014172675215 -0.017110156210973157
leaf_weight=1.1154669634997834 2.440450018271803 5.2797244098037508 2.3140462823212209 7.8378624878823739 1.9735792577266691 2.6891432628035545 4.7920688129961482 37.798285000026226 12.010286346077917 9.0997312813997251 4.6532738432288161 1.8442574087530368 0.85573400743305672 1.1682743802666653
leaf_count=23 65 145 36 42 44 16 35 1841 62 47 28 60 9 47
internal_value=-0.00155138 0.0348126 0.0391482 0.0157825 0.0429769 0.00644273 0.0517876 -0.0466772 0.0581109 0.0479852 0.0573406 -0.0485515 -0.0234631 -0.0502899
internal_weight=95.8722 53.0902 50.6497 17.7803 12.5006 4.66272 32.8694 42.782 28.0773 16.0671 13.753 41.6666 2.69999 38.9666
internal_count=2500 520 455 247 102 60 208 1980 173 111 75 1957 69 1888
is_linear=0
shrinkage=0.05


Tree=27
num_leaves=15
num_cat=0
split_feature=0 3 0 2 3 5 5 0 3 1 4 2 0 4
split_gain=58.9147 7.68203 7.1215 3.9245 3.20504 2.1701 2.10477 4.55556 4.55016 1.95066 1.40408 1.20009 0.835769 0.829793
threshold=55.527373194093833 46.163775893584805 105.31624199287644 26.089100171575328 30.80018624979466 10.652546811689463 34.052957958094808 84.609715340729238 82.746964831419646 119.19086484055354 900.6921708006895 0.97425384170323581 69.994388307554814 3538.4012254501617
decision_type=2 2 2 2 2 2 2 2 2 2 2 2 2 2
left_child=5 2 13 6 -4 -1 12 8 -8 -9 -5 -7 -3 -2
right_child=1 3 4 10 -6 11 7 9 -10 -11 -12 -13 -14 -15
leaf_value=0.021838791369638091 -0.052541277825217607 0.040568618401536437 -0.0034788609824377413 0.028424446097788148 0.059425056262353171 0.020951366305903083 -0.058259009010006996 0.081805987906472769 0.048494630486644576 0.034768881759917603 -0.027159020261438429 -0.0494598905139444 0.065410757239537556 0.01448598223656658
leaf_weight=1.1318689975887526 4.5504101961851111 4.2273201327770975 3.8276770897209627 2.3297664169222108 4.2995904833078384 0.61465715616941352 2.1774710081517687 3.8191959112882596 1.8430060409009454 5.2122851237654686 2.2176346462219954 39.166490266099572 17.005821079015732 0.51389716193079937
leaf_count=23 166 37 36 19 20 21 54 20 11 31 22 1936 92 12
internal_value=-0.00153863 0.0337647 0.000799555 0.0449631 0.0297994 -0.0464296 0.050752 0.0349508 -0.00932263 0.0546597 0.00131801 -0.048372 0.0604649 -0.0457397
internal_weight=92.9371 52.0241 13.1916 38.8325 8.12727 40.913 34.2851 13.052 4.02048 9.03148 4.5474 39.7811 21.2331 5.06431
internal_count=2500 520 234 286 56 1980 245 116 65 51 41 1957 129 178
is_linear=0
shrinkage=0.05


Tree=28
num_leaves=15
num_cat=0
split_feature=0 3 0 3 5 2 3 0 4 5 0 1 5 1
split_gain=55.1208 7.36439 5.47424 8.27483 6.99793 3.04001 2.59233 3.54312 4.41238 2.54515 2.13816 4.24365 2.3408 1.71275
threshold=55.527373194093833 20.748906758593755 118.06914305104239 46.473933374812255 46.704275397605876 2.3608730525213772 75.651370184557607 75.394681253150608 633.46698137731084 32.873160764658486 45.741332697838693 86.177724381707534 12.30708254158424 119.19086484055354
decision_type=2 2 2 2 2 2 2 2 2 2 2 2 2 2
left_child=10 -2 3 5 6 -3 7 8 -5 -9 -1 12 -12 -6
right_child=1 2 -4 4 13 -7 -8 9 -10 -11 11 -13 -14 -15
leaf_value=-0.050951910962007012 -0.054957149944889407 0.08556441480495236 0.064205890691207287 0.04309126363863721 0.017185835295752166 -0.03778952428620147 0.062940351302603934 0.067751007588492521 -0.064280889317047785 0.016214611540523619 0.10372551661606066 -0.055055883616690671 -0.001463362925792872 -0.058227723321149741
leaf_weight=33.472165992483497 2.2866723984479895 0.5492498129606237 13.29917151480913 1.9523328430950706 1.1714703310281032 5.510965384542942 12.273332521319388 5.9657604396343213 1.8764472510665653 4.0032392144203186 0.77811402827501241 3.2628761231899261 1.651263330131769 2.1071469914168119
leaf_count=1830 65 5 74 19 20 142 69 32 33 23 4 104 42 38
internal_value=-0.00152317 0.0327378 0.0368546 0.0265821 0.0375653 -0.0266097 0.0462233 0.0313533 -0.00953077 0.0470556 -0.0461342 -0.0178043 0.032228 -0.031282
internal_weight=90.1602 50.9958 48.7091 35.4099 29.3497 6.06022 26.0711 13.7978 3.82878 9.969 39.1644 5.69225 2.42938 3.27862
internal_count=2500 520 455 381 234 147 176 107 52 55 1980 150 46 58
is_linear=0
shrinkage=0.05


Tree=29
num_leaves=15
num_cat=0
split_feature=0 3 0 3 4 5 0 3 5 5 4 3 5 3
split_gain=51.7509 6.83826 5.59553 6.52948 4.42768 2.6212 3.24932 4.48263 2.10778 1.89177 1.82418 1.16514 0.664474 1.58094
threshold=54.377248749421042 20.748906758593755 75.394681253150608 61.420360119682023 1282.4092169199473 35.073586540042562 98.80288571005697 75.651370184557607 10.652546811689463 20.669861397154225 1958.2210388574583 37.801939545186336 12.987636726583476 77.463365861041524
decision_type=2 2 2 2 2 2 2 2 2 2 2 2 2 2
left_child=8 -2 3 -3 9 11 7 -7 -1 -5 -8 -4 13 -10
right_child=1 2 5 4 -6 6 10 -9 12 -11 -12 -13 -14 -15
leaf_value=0.02054162209542245 -0.054663306416897109 -0.045980197890765975 0.028019942405306197 0.083946374770573776 -0.020520572818580395 -0.039666094392889692 0.064303299338490341 0.052515635716809762 -0.052427977806374808 0.027565003645169246 0.019699363847048013 0.061701966302117939 -0.051034954527357262 0.027884440073192712
leaf_weight=1.1226299293339241 2.2202631924301377 4.0286737997084847 3.0044931620359447 2.9374871701002103 2.8362454362213612 3.1872111950069657 5.8529356904327852 2.2497005760669708 1.8223839085549109 3.0146189015358686 3.7679032757878304 17.655265606939793 32.645688589662313 0.92316049896180619
leaf_count=23 67 134 33 14 34 44 35 14 79 40 22 103 1842 16
internal_value=-0.00151339 0.0311447 0.03507 0.00672924 0.0308918 0.04524 0.0293741 -0.00152288 -0.0469086 0.0553904 0.0468346 0.0568037 -0.0490481 -0.0254238
internal_weight=87.2687 50.7548 48.5345 12.817 8.78835 35.7175 15.0578 5.43691 36.5139 5.95211 9.62084 20.6598 35.3912 2.74554
internal_count=2500 540 473 222 88 251 115 58 1960 54 57 136 1937 95
is_linear=0
shrinkage=0.05


Tree=30
num_leaves=15
num_cat=0
split_feature=0 3 0 0 3 5 0 1 5 1 5 1 5 3
split_gain=48.4921 6.3934 5.41216 4.3723 6.68849 3.34172 2.78245 2.6245 2.09309 2.52928 1.92328 1.56103 0.674706 0.635841
threshold=54.377248749421042 42.304679004240462 108.87374379046385 80.609088403102007 61.420360119682023 28.177995837883039 73.386430131783683 209.49530687393084 12.987636726583476 87.4873729617088 46.923778376296319 28.249804422359126 20.503986942002104 78.107251366536886
decision_type=2 2 2 2 2 2 2 2 2 2 2 2 2 2
left_child=8 2 -2 4 12 13 -7 -4 9 11 -5 -1 -3 -6
right_child=1 3 7 10 5 6 -8 -9 -10 -11 -12 -13 -14 -15
leaf_value=0.072335885415888757 -0.051975860469024748 -0.0060146218647180857 0.050833542003794176 0.05991638578341299 0.038107117586662388 -0.042332551094484104 0.036259296213228646 -0.0128852907195783 -0.050984982416546566 -0.054114376345574061 0.023912880999301285 -0.016493654671752477 -0.059169118496635115 0.066800888434135022
leaf_weight=0.97925206273794108 3.8269260358065349 0.79654434509575311 3.6788060516119003 19.104119896888736 3.2965317666530591 2.0322143137454987 2.5260553583502769 2.882084047421813 31.08320933021605 1.8273093327879903 4.6030613444745532 0.99926872923970222 2.3831178918480873 4.6598488166928291
leaf_count=14 166 9 21 111 22 49 16 26 1842 73 35 31 61 24
internal_value=-0.00149923 0.0301742 -0.00472068 0.0393739 0.018903 0.035356 0.00122068 0.022843 -0.0466997 -0.0117005 0.0529258 0.0274718 -0.0458533 0.0549123
internal_weight=84.6783 49.7893 10.3878 39.4015 15.6943 12.5147 4.55827 6.56089 34.889 3.80583 23.7072 1.97852 3.17966 7.95638
internal_count=2500 540 213 327 181 111 65 47 1960 118 146 45 70 46
is_linear=0
shrinkage=0.05


Tree=31
num_leaves=15
num_cat=0
split_feature=0 3 0 5 3 2 2 0 1 5 3 5 1 2
split_gain=45.4646 6.14961 5.22301 7.20355 6.28473 2.83854 2.15655 3.33408 2.65002 2.3829 2.30277 2.07762 3.371 1.26166
threshold=54.377248749421042 20.748906758593755 118.06914305104239 46.704275397605876 46.473933374812255 11.341973095221144 4.4993664711289956 69.994388307554814 48.56600736992695 34.052957958094808 79.889098924043836 12.987636726583476 28.249804422359126 13.366668472002933
decision_type=2 2 2 2 2 2 2 2 2 2 2 2 2 2
left_child=11 -2 3 4 5 -3 -6 8 -8 -9 -10 12 -1 -5
right_child=1 2 -4 13 6 -7 7 9 10 -11 -12 -13 -14 -15
leaf_value=0.066973869210454048 -0.054655406652780493 0.021171898755787219 0.060875118484454649 -0.0019815214600697826 0.074777648360143945 -0.055857934673886979 0.07244416822820543 0.05773432660266075 -0.060060621695073341 0.016825964540976242 0.022638821950167327 -0.050937426593736214 -0.040161605328826434 -0.058186088780680351
leaf_weight=1.0040972810238593 2.0899774748831978 2.2014042437076595 12.365027517080305 1.5771654788404692 4.1085607036948231 2.6185496151447296 0.89855768624693411 11.676906287670137 1.9322485784068706 5.1209105290472499 1.4915034212172029 29.59417079295963 2.7318568583577871 2.7212552018463612
leaf_count=14 67 36 74 42 27 82 7 69 40 29 11 1842 104 56
internal_value=-0.00148769 0.0292555 0.0330099 0.0229783 0.0316387 -0.0206763 0.0416336 0.0351859 -0.00397725 0.0452632 -0.0240339 -0.046502 -0.0113672 -0.0375637
internal_weight=82.1322 48.8021 46.7121 34.3471 30.0486 4.81995 25.2287 21.1201 4.32231 16.7978 3.42375 33.3301 3.73595 4.29842
internal_count=2500 540 473 399 301 118 183 156 58 98 51 1960 118 98
is_linear=0
shrinkage=0.05


Tree=32
num_leaves=15
num_cat=0
split_feature=0 3 0 3 5 0 4 2 0 5 1 4 0 4
split_gain=42.6788 5.72581 4.90449 6.66247 4.91651 4.09424 3.53094 3.04033 2.47414 2.0663 3.05481 1.28317 1.21125 0.882213
threshold=54.377248749421042 20.748906758593755 118.06914305104239 75.651370184557607 22.947179912465106 83.352725969763085 633.46698137731084 15.624135872482663 83.352725969763085 12.987636726583476 28.249804422359126 1282.4092169199473 76.804441595842491 576.06271341481499
decision_type=2 2 2 2 2 2 2 2 2 2 2 2 2 2
left_child=9 -2 3 4 6 -6 -3 -7 -8 10 -1 13 -13 -5
right_child=1 2 -4 11 5 7 8 -9 -10 -11 -12 12 -14 -15
leaf_value=0.062181536419877476 -0.054438039023240417 0.06847520240013219 0.059482338099214417 0.046628283398013837 -0.051268692823072164 0.033965552544749464 -0.034349514364761496 -0.030465382335393733 0.040596713730307259 -0.050892159820626094 -0.039425941698902942 0.004839514971873197 0.054070078517032528 0.080148732480048931
leaf_weight=1.0267963800579338 1.995785848237573 3.9813224915415066 12.030382379889486 3.9751559216529113 4.8164395326748473 4.4885153509676456 2.1801527105271816 3.0923458132892847 2.2250825818628073 28.175252730958164 2.6458901707082987 2.369331568479538 2.6432502940297127 3.8775755614042282
leaf_count=14 67 30 74 28 165 40 31 28 15 1842 104 21 19 22
internal_value=-0.00147776 0.0284602 0.0320822 0.0222859 0.00478153 -0.01522 0.0343485 0.00768322 0.0035058 -0.046294 -0.0110189 0.0505642 0.0307999 0.0631802
internal_weight=79.5233 47.6753 45.6796 33.6492 20.7839 12.3973 8.38656 7.58086 4.40524 31.8479 3.67269 12.8653 5.01258 7.85273
internal_count=2500 540 473 399 309 233 76 68 46 1960 118 90 40 50
is_linear=0
shrinkage=0.05


Tree=33
num_leaves=15
num_cat=0
split_feature=0 3 0 1 2 5 0 1 5 5 0 3 0 5
split_gain=40.0313 5.53059 7.03938 4.77017 2.48607 2.1888 2.15553 3.61873 1.83812 1.73962 4.35631 1.67111 1.32877 2.05974
threshold=55.527373194093833 62.005274245653204 80.609088403102007 258.70669608540948 20.078546451553265 24.78424072461458 45.741332697838693 86.177724381707534 12.30708254158424 46.473057881566653 103.93171275653486 80.346060953579737 69.994388307554814 15.497025001105253
decision_type=2 2 2 2 2 2 2 2 2 2 2 2 2 2
left_child=6 2 -2 4 -4 -6 -1 8 -8 12 -11 -10 13 -3
right_child=1 9 3 -5 5 -7 7 -9 11 10 -12 -13 -14 -15
leaf_value=-0.050745054480774904 -0.039732627727116977 0.076466793910116265 0.047736569111551365 -0.043744846525451464 0.044145474057246475 -0.029545835668549039 0.092470368330695607 -0.05447385374343388 -0.052824636895007396 -0.034981204838016637 0.072585882170934035 0.051504021644478842 0.05900448819605722 0.0031824015965569875
leaf_weight=26.314317714422945 5.2717261081561473 1.4346838742494643 11.431655943393709 2.1478851549327365 1.77752284426242 2.3265658859163523 0.7929342240095133 2.6919336849823594 0.77679339796304681 2.0354492645710702 1.750890329480171 0.7587314210832119 14.757892996072767 2.8905970193445683
leaf_count=1830 179 7 95 22 16 26 4 104 34 32 11 8 94 38
internal_value=-0.00146452 0.0283163 0.0109787 0.0260964 0.0357522 0.00237062 -0.045017 -0.0149935 0.0306498 0.0457191 0.0147603 -0.0012739 0.0518617 0.0274906
internal_weight=77.1596 45.8249 22.9554 17.6836 15.5357 4.10409 31.3347 5.02039 2.32846 22.8695 3.78634 1.53552 19.0832 4.32528
internal_count=2500 520 338 159 137 42 1980 150 46 182 43 42 139 45
is_linear=0
shrinkage=0.05


Tree=34
num_leaves=15
num_cat=0
split_feature=0 3 0 0 5 1 0 5 3 5 1 3 3 0
split_gain=37.5784 5.25009 4.39848 3.83229 5.82913 2.34301 2.58139 3.76502 2.10898 2.01417 2.65223 1.69506 1.11944 0.794044
threshold=54.377248749421042 42.304679004240462 108.87374379046385 98.80288571005697 42.095915494938446 37.884402899062515 73.86228160841776 22.799320456502873 30.80018624979466 12.987636726583476 28.249804422359126 61.649874850638774 75.651370184557607 50.535770301736171
decision_type=2 2 2 2 2 2 2 2 2 2 2 2 2 2
left_child=9 2 -2 4 5 -3 7 -7 -4 10 -1 -8 -6 -12
right_child=1 3 8 -5 12 6 11 -9 -10 -11 13 -13 -14 -15
leaf_value=0.056823930066070921 -0.05181291183443857 0.076896424534170074 -0.0061944570864912278 0.056654228696316228 -0.055570616987366477 0.034467263661514522 0.017214004342864228 -0.038890859704402148 0.052011231838899136 -0.050809714122964547 -0.053061957298786613 0.062780663722915062 -0.00042333932966710265 0.016810040152627128
leaf_weight=1.0345235541462927 3.3872605348005873 2.7699891775846543 3.6342015918344259 13.490039728581904 2.2791661098599429 4.3765806769952169 3.2860112078487855 2.9134212555363774 2.7217934429645538 25.544123535975814 1.956319607794285 5.3865173384547234 1.5433529298752544 0.51329564303159703
leaf_count=14 166 14 34 92 60 33 20 52 13 1842 99 35 21 5
internal_value=-0.00144974 0.0267707 -0.00579395 0.0355732 0.0229648 0.0344471 0.0270808 0.00514997 0.0187307 -0.0459333 -0.0103854 0.0455155 -0.0333047 -0.0385395
internal_weight=74.8366 45.7883 9.74326 36.0451 22.555 18.7325 15.9625 7.29 6.356 29.0483 3.50414 8.67253 3.82252 2.46962
internal_count=2500 540 213 327 235 154 140 85 47 1960 118 55 81 104
is_linear=0
shrinkage=0.05


Tree=35
num_leaves=15
num_cat=0
split_feature=0 3 0 5 3 2 5 1 2 1 2 0 2 0
split_gain=35.3043 4.99904 4.47094 5.92933 5.20751 2.42237 1.98947 2.42159 1.9849 1.78131 1.18756 1.68779 1.16638 1.47814
threshold=54.377248749421042 20.748906758593755 118.06914305104239 46.704275397605876 46.473933374812255 11.341973095221144 12.987636726583476 28.249804422359126 26.284121977468924 247.49556813171384 4.3966578253371553 69.994388307554814 13.366668472002933 93.148117063215892
decision_type=2 2 2 2 2 2 2 2 2 2 2 2 2 2
left_child=6 -2 3 4 5 -3 7 -1 9 10 -6 -12 13 -5
right_child=1 2 -4 12 8 -7 -8 -9 -10 -11 11 -13 -14 -15
leaf_value=0.053087345726092285 -0.054310072445438867 0.017358020669417613 0.056875916267304719 -0.051296337980577471 0.07774722384866764 -0.056103062363234528 -0.050770613637129272 -0.038011291957447318 -0.0019759424831473833 0.013971788379100653 0.0069203517980765926 0.052562253622020771 -0.05797676704975821 0.047604791670144364
leaf_weight=1.0515165124088555 1.8550003962591279 2.1454681931063595 11.081563718616961 0.76235639769583874 3.2174504958093264 2.3528397437185049 24.316562475636601 2.3819738449528813 2.7769019901752463 4.1870954502373925 2.5034968703985205 10.608329022303222 2.4877654295414686 0.7489306777715683
leaf_count=14 67 36 74 37 21 82 1842 104 21 33 39 69 56 5
internal_value=-0.00143658 0.0260505 0.0295276 0.0199945 0.0281857 -0.0210658 -0.04574 -0.0101121 0.0376969 0.0430667 0.0505271 0.0438477 -0.0369302 -0.00228507
internal_weight=72.4773 44.7272 42.8722 31.7906 27.7916 4.49831 27.7501 3.43349 23.2933 20.5164 16.3293 13.1118 3.99905 1.51129
internal_count=2500 540 473 399 301 118 1960 118 183 162 129 108 98 42
is_linear=0
shrinkage=0.05


Tree=36
num_leaves=15
num_cat=0
split_feature=0 3 0 1 5 2 5 1 3 0 2 1 3 5
split_gain=33.1296 4.72664 6.17405 4.27199 2.20013 2.30059 1.97705 2.20613 1.86092 1.84523 3.05701 1.71788 1.2751 1.25329
threshold=54.377248749421042 62.005274245653204 80.609088403102007 258.70669608540948 18.77817466991657 18.435618646270601 12.987636726583476 28.249804422359126 36.243475779817601 69.994388307554814 6.1396293385671799 93.826827295824884 79.889098924043836 46.473057881566653
decision_type=2 2 2 2 2 2 2 2 2 2 2 2 2 2
left_child=6 2 -2 4 -4 8 7 -1 -6 10 -3 -12 -13 -11
right_child=1 9 3 -5 5 -7 -8 -9 -10 13 11 12 -14 -15
leaf_value=0.049671352362496431 -0.039542231587083837 0.075615572372214002 0.070124759459672018 -0.043908234683711175 0.00044017894225844428 -0.014268835123650948 -0.05073339782122141 -0.037243225622919603 0.051424568146226673 0.056541540698720749 0.046859473217634187 -0.061145375960947691 0.006976451635232566 0.021376113656309214
leaf_weight=1.0672194622457056 5.0651092026382711 1.5353857148438717 3.1234463164582875 2.0655454359948626 2.5521653378382307 3.0702581442892543 23.147169685922563 2.3113529235124588 5.9912171568721533 13.466834492981436 1.0362554052844646 1.4407558590173724 1.3129015769809482 3.1209005899727336
leaf_count=14 190 14 24 22 35 35 1842 104 43 94 12 31 12 28
internal_value=-0.00142343 0.0252926 0.00884686 0.0234336 0.0328722 0.0228533 -0.0455183 -0.00978875 0.036194 0.0417044 0.016097 -0.00801543 -0.0286659 0.0499253
internal_weight=70.3065 43.7808 21.8677 16.8026 14.7371 11.6136 26.5257 3.37857 8.54338 21.913 5.3253 3.78991 2.75366 16.5877
internal_count=2500 540 349 159 137 113 1960 118 78 191 69 55 43 122
is_linear=0
shrinkage=0.05


Tree=37
num_leaves=15
num_cat=0
split_feature=0 3 0 5 3 2 5 0 3 5 1 4 0 3
split_gain=31.0773 4.48247 4.26435 5.34593 4.58399 2.20909 1.97668 3.29164 2.03251 1.96459 2.01163 1.31228 1.45128 1.21032
threshold=54.377248749421042 20.748906758593755 118.06914305104239 46.704275397605876 46.473933374812255 11.341973095221144 23.262286925598598 73.386430131783683 62.005274245653204 12.987636726583476 28.249804422359126 707.00566596507463 77.959654618419066 76.050622657865574
decision_type=2 2 2 2 2 2 2 2 2 2 2 2 2 2
left_child=9 -2 3 4 5 -3 11 13 -9 10 -1 -6 -13 -8
right_child=1 2 -4 -5 6 -7 7 8 -10 -11 -12 12 -14 -15
leaf_value=0.046535936053010513 -0.0540566969768186 0.015630822062523333 0.055261649706958377 -0.036578896250271054 0.06855372618168426 -0.055870361484155362 -0.059679226749231075 0.0032765202212032365 0.054517019675104667 -0.050697971480812842 -0.036469503782729888 0.0064882108850433497 0.059642404224977352 0.0029896388724385634
leaf_weight=1.0817794632166653 1.7413201071321953 2.1194049548357787 10.54858326166868 3.8636115882545701 5.3601404279470461 2.2032445352524519 1.2675985600799315 2.8988788053393346 5.8221567869186401 22.033266507089138 2.2440953115001321 2.5564974080771208 2.5802107155323029 1.9643725175410507
leaf_count=14 67 36 74 98 33 82 36 20 37 1842 104 21 20 16
internal_value=-0.00140544 0.0245206 0.0278429 0.0184021 0.0263365 -0.0208132 0.0354151 0.0215116 0.0374846 -0.045291 -0.00947102 0.0512473 0.033188 -0.0215895
internal_weight=68.2852 42.926 41.1847 30.6361 26.7725 4.32265 22.4499 11.953 8.72104 25.3591 3.32587 10.4968 5.13671 3.23197
internal_count=2500 540 473 399 301 118 183 109 57 1960 118 74 41 52
is_linear=0
shrinkage=0.05


Tree=38
num_leaves=15
num_cat=0
split_feature=0 3 0 1 0 1 5 2 3 0 5 5 3 4
split_gain=29.2156 4.31614 5.22095 3.91141 2.10944 3.06066 1.99746 2.07085 1.74993 1.60414 3.16985 1.51812 1.31486 1.18101
threshold=55.527373194093833 62.005274245653204 80.609088403102007 258.70669608540948 45.741332697838693 86.177724381707534 18.77817466991657 18.435618646270601 36.243475779817601 88.778844843380867 39.659135632188558 12.30708254158424 80.346060953579737 1282.4092169199473
decision_type=2 2 2 2 2 2 2 2 2 2 2 2 2 2
left_child=4 2 -2 6 -1 11 -4 8 -8 10 13 -6 -13 -3
right_child=1 9 3 -5 5 -7 7 -9 -10 -11 -12 12 -14 -15
leaf_value=-0.050587242820610417 -0.03819785073026228 0.054514958252812232 0.067707219724060755 -0.043371109731800549 0.084755148454703791 -0.053942698571632412 -0.00030286305330952829 -0.014122773039560985 0.049707307854735407 0.057448578445381107 -0.02189717227499885 -0.053306075390174762 0.043502225447336902 0.015993002526793622
leaf_weight=20.681456707417968 4.6311995424330261 6.2995195938274282 2.9676634706556824 2.0055260621011248 0.79016537219285909 2.2199848964810371 2.514754858799277 2.9824855588376513 5.7460937555879354 8.5811479873955232 2.4258024031296364 0.65966473799198844 0.74898708704859018 2.9081678576767445
leaf_count=1830 179 50 24 22 4 104 35 35 43 70 38 34 8 24
internal_value=-0.00139062 0.0245864 0.0086239 0.0219955 -0.0438872 -0.0125289 0.0312204 0.0215897 0.0344833 0.0410487 0.0289518 0.0292835 -0.00183263 0.0423481
internal_weight=66.1626 41.0624 20.8477 16.2165 25.1003 4.4188 14.211 11.2433 8.26085 20.2146 11.6335 2.19882 1.40865 9.20769
internal_count=2500 520 338 159 1980 150 137 113 78 182 112 46 42 74
is_linear=0
shrinkage=0.05


Tree=39
num_leaves=15
num_cat=0
split_feature=0 3 0 0 5 1 0 5 3 4 3 2 0 1
split_gain=27.4566 4.66927 4.32023 4.11438 4.9902 3.45834 3.141 2.9254 2.69476 2.0547 1.68432 1.28706 0.677589 0.676302
threshold=45.741332697838693 42.304679004240462 108.87374379046385 98.80288571005697 42.095915494938446 37.884402899062515 73.86228160841776 22.799320456502873 77.463365861041524 1910.7386097959331 61.649874850638774 2.5833884104403464 91.5070075535114 227.99660558409548
decision_type=2 2 2 2 2 2 2 2 2 2 2 2 2 2
left_child=-1 2 -2 4 5 -3 7 8 -7 -4 -8 -6 -13 -9
right_child=1 3 9 -5 11 6 10 13 -10 -11 -12 12 -14 -15
leaf_value=-0.05055829737656882 -0.05200340642249987 0.073910574299560147 0.04306237393784839 0.053215987321957474 0.049725929065562655 -0.017401439417824554 0.011781234555816264 -0.057384679317651947 0.054708917342052681 -0.01561577230344215 0.060070418733338807 -0.056049619989456123 -0.0029904548149093002 -0.0092274558498345767
leaf_weight=19.68378986325115 3.7843970675021392 3.288640062324709 3.2582601942121983 11.613858841359614 0.40496014989912454 2.508282417431472 2.9840908162295809 2.1147836400195961 2.679708868265152 2.7519301995635033 4.5731707587838173 2.7426502555608754 0.77081650123000134 1.1126125799491999
leaf_count=1830 214 24 25 92 10 38 20 58 16 22 35 93 7 16
internal_value=-0.00137273 0.0203406 -0.0101553 0.0289254 0.0167549 0.0272187 0.0176052 -0.00340644 0.0198451 0.016195 0.0410028 -0.0346804 -0.044409 -0.040783
internal_weight=64.272 44.5882 9.79459 34.7936 23.1797 19.2613 15.9726 8.41539 5.18799 6.01019 7.55726 3.91843 3.51347 3.2274
internal_count=2500 670 261 409 317 207 183 128 54 47 55 110 100 74
is_linear=0
shrinkage=0.05


Tree=40
num_leaves=15
num_cat=0
split_feature=0 3 0 0 5 1 0 2 0 4 3 2 5 3
split_gain=25.9173 4.3419 4.08303 3.86706 4.62548 3.20801 2.92098 2.75443 1.87129 1.85255 1.65342 1.19421 0.739519 0.735759
threshold=45.741332697838693 42.304679004240462 108.87374379046385 98.80288571005697 42.095915494938446 37.884402899062515 73.86228160841776 5.6141351067202843 69.994388307554814 1910.7386097959331 61.649874850638774 2.5833884104403464 47.13570590229083 79.889098924043836
decision_type=2 2 2 2 2 2 2 2 2 2 2 2 2 2
left_child=-1 2 -2 4 5 -3 7 -7 13 -4 -8 -6 -5 -9
right_child=1 3 9 12 11 6 10 8 -10 -11 -12 -13 -14 -15
leaf_value=-0.050530788621131056 -0.051911227938714125 0.071991636487648267 0.040869381689469242 0.060033199262872684 0.046164147168371569 0.045679605292197292 0.011224677711133758 -0.057513475380342821 0.020650258122080503 -0.014887403739872568 0.059500320345215678 -0.043778079095036254 0.031331278990570213 -0.015435080514447135
leaf_weight=18.733735866844654 3.6060608942061645 3.2095035603269997 3.2613548617810011 8.1733853518962842 0.41414736025035326 2.1295796083286387 2.9756700396537772 2.3552928902208805 1.9153736270964143 2.7424881067126989 4.3907565623521805 3.3898412948474288 3.0936873704195014 1.8586742132902143
leaf_count=1830 214 24 25 69 10 23 20 75 12 22 35 100 23 18
internal_value=-0.00135987 0.0198084 -0.00985796 0.0282167 0.0163042 0.0264611 0.017109 -0.00330776 -0.0203279 0.0154003 0.0399994 -0.0339859 0.0521523 -0.0389538
internal_weight=62.2496 43.5158 9.6099 33.9059 22.6388 18.8349 15.6253 8.25892 6.12934 6.00384 7.36643 3.80399 11.2671 4.21397
internal_count=2500 670 261 409 317 207 183 128 105 47 55 110 92 93
is_linear=0
shrinkage=0.05


Tree=41
num_leaves=15
num_cat=0
split_feature=0 3 0 2 4 0 5 4 2 5 0 5 4 0
split_gain=24.4651 4.13851 5.35522 3.0008 2.86666 2.66563 3.45683 2.47538 1.25749 1.02113 0.692376 1.90616 0.357722 0.370757
threshold=45.741332697838693 52.304760019764878 96.813591485289763 26.089100171575328 2264.9418948570342 69.994388307554814 27.982415854311288 1025.7324377368761 12.674062932637019 45.59464569176486 80.609088403102007 23.262286925598598 1297.6998760028173 91.5070075535114
decision_type=2 2 2 2 2 2 2 2 2 2 2 2 2 2
left_child=-1 2 10 5 8 6 7 -3 -4 12 -2 -12 -7 -14
right_child=1 3 4 -5 -6 9 -8 -9 -10 -11 11 -13 13 -15
leaf_value=-0.050504655362473477 -0.05297564335500602 0.057947996516162809 0.059127179791073153 -0.014065256771055393 -0.016640218832808876 0.06169785697441918 -0.052159755222878225 -0.0097685731954499158 0.014028285552699277 0.023582546716259381 0.040561604520751214 -0.059707535881819929 0.031823755113460458 0.056926195652496327
leaf_weight=17.829069384373724 3.697078618220984 3.3256721310317578 3.7631307020783407 3.2512364648282519 3.3261773064732552 7.3885548859834689 1.6357138780876992 2.2712174160405993 2.6230376595631242 3.378914574161171 0.84003004804253567 1.0877375742420552 2.7617447525262833 3.1471901163458824
leaf_count=1830 225 24 28 40 25 61 84 26 32 32 12 32 19 30
internal_value=-0.00134531 0.0192786 -0.00148505 0.0310038 0.0209992 0.0371324 0.0117815 0.0304686 0.0406034 0.0481272 -0.0403084 -0.016015 0.054364 0.0451937
internal_weight=60.3265 42.4974 15.3372 27.1602 9.71235 23.909 7.2326 5.59689 6.38617 16.6764 5.62485 1.92777 13.2975 5.90893
internal_count=2500 670 354 316 85 276 134 50 60 142 269 44 110 49
is_linear=0
shrinkage=0.05


Tree=42
num_leaves=15
num_cat=0
split_feature=0 3 0 3 5 4 0 0 2 2 4 4 0 2
split_gain=23.082 4.0222 4.41787 4.83167 3.37156 2.94711 3.05444 2.6086 2.1244 1.33801 1.86027 1.00332 0.787124 0.633762
threshold=45.741332697838693 20.748906758593755 118.06914305104239 75.651370184557607 22.947179912465106 633.46698137731084 76.804441595842491 83.352725969763085 10.533353862539451 7.7718192377844266 1559.6737106461526 2481.5118940683424 69.994388307554814 10.350376645973922
decision_type=2 2 2 2 2 2 2 2 2 2 2 2 2 2
left_child=-1 -2 3 4 5 13 -7 -6 -9 -5 12 -4 -11 -3
right_child=1 2 11 9 7 6 -8 8 -10 10 -12 -13 -14 -15
leaf_value=-0.050479813207453775 -0.0537164188971243 0.075909105315777423 0.062455959077691393 0.06790806220379389 -0.051155524856506401 -0.059061247140760803 0.028814516138022869 0.033945108347997924 -0.024150728826996867 0.018194983870108771 -0.0082384849284583232 0.025603195702075046 0.055382273686888452 0.035241964736639604
leaf_weight=16.967669661156833 1.8324593286961306 1.7021952131763165 6.7069110199809057 2.8508564196526995 4.3037361484020931 1.6964242951944468 2.370834531262517 2.6100462637841702 3.9625425329431891 2.148144646547733 2.4777655657380819 2.5487324595451355 4.2151387184858322 2.1913843499496579
leaf_count=1830 83 13 56 26 228 43 21 25 43 25 27 18 33 29
internal_value=-0.001328 0.0187116 0.0220476 0.0128735 -0.00279753 0.0219276 -0.00783783 -0.0208949 -0.00108024 0.0381215 0.0285166 0.0523078 0.0428284 0.0530208
internal_weight=58.5848 41.6172 39.7847 30.5291 18.8372 7.96084 4.06726 10.8763 6.57259 11.6919 8.84105 9.25564 6.36328 3.89358
internal_count=2500 670 587 513 402 106 64 296 68 111 85 74 58 42
is_linear=0
shrinkage=0.05


Tree=43
num_leaves=15
num_cat=0
split_feature=0 3 0 3 5 1 0 4 2 5 0 2 0 0
split_gain=21.7881 3.75995 4.17059 4.7065 3.82488 1.96555 3.34078 2.41743 2.68257 1.89784 1.81843 1.51747 1.44515 1.33063
threshold=45.741332697838693 20.748906758593755 118.06914305104239 46.473933374812255 46.704275397605876 31.268349208434365 73.86228160841776 1373.5054652132228 5.6141351067202843 34.052957958094808 69.994388307554814 11.341973095221144 105.31624199287644 103.93171275653486
decision_type=2 2 2 2 2 2 2 2 2 2 2 2 2 2
left_child=-1 -2 3 11 5 -5 7 8 -7 -8 -10 12 -3 -6
right_child=1 2 -4 4 13 6 9 -9 10 -11 -12 -13 -14 -15
leaf_value=-0.050456212688690917 -0.053541730713530501 -0.034401748757014017 0.051311590647927612 0.067401947174476506 -0.053130421149182996 0.070971738775430421 0.058019656957973079 -0.042634163166262083 -0.034765087892445784 0.015686338171128935 0.035095891335327332 -0.055693815152019557 0.043317990710024963 0.021298891256679785
leaf_weight=16.147507100366056 1.7486328491941083 1.4278273731470137 8.9719337224960309 2.8663492389023366 2.1046955576166506 1.6137581588700438 6.5227275788784009 2.4833954703062773 2.2508551217615609 4.4562088623642921 1.5890709795057771 2.7981552937999368 1.0292976722121236 0.84022223949432362
leaf_count=1830 83 59 74 24 79 15 59 43 51 29 11 133 6 4
internal_value=-0.00131194 0.0181843 0.021404 0.0124545 0.0215871 0.0288177 0.022971 -0.00174215 0.0168785 0.0408371 -0.00585462 -0.0305165 -0.0018447 -0.0318948
internal_weight=56.8506 40.7031 38.9545 29.9826 24.7273 21.7824 18.916 7.93708 5.45368 10.9789 3.83993 5.25528 2.45713 2.94492
internal_count=2500 670 587 513 315 232 208 120 77 88 62 198 65 83
is_linear=0
shrinkage=0.05


Tree=44
num_leaves=15
num_cat=0
split_feature=0 3 0 2 1 0 5 4 4 5 5 4 0 5
split_gain=20.5912 3.57024 4.49035 2.66036 2.64506 2.39288 3.72495 2.57382 1.67412 1.43461 1.21808 0.942195 0.600828 1.65523
threshold=45.741332697838693 52.304760019764878 96.813591485289763 26.089100171575328 225.81542336228682 73.386430131783683 27.982415854311288 1073.5502261064123 900.6921708006895 19.733914641573218 45.59464569176486 1535.7766015950522 80.609088403102007 23.262286925598598
decision_type=2 2 2 2 2 2 2 2 2 2 2 2 2 2
left_child=-1 2 12 5 9 6 7 -3 -5 -4 -7 -11 -2 -14
right_child=1 3 4 8 -6 10 -8 -9 -10 11 -12 -13 13 -15
leaf_value=-0.050433774598573039 -0.052808176122763784 0.054660995888474208 0.071887875962660081 0.025903869046045403 -0.026628600245735906 0.056924887727116569 -0.046548937762667504 -0.0091061737397378981 -0.047703478365981621 0.041258657224592814 0.021597929035753475 -0.002221101645889362 0.0376327468577944 -0.059292270823847575
leaf_weight=15.366644865833221 3.273244925774633 4.4626965774223262 1.8550029750913362 1.4163375766947859 2.4030689857900143 10.159609787166117 1.9276371030136941 2.4518208336085081 1.699247909709811 2.5961227482184768 3.2113551506772628 2.3957863636314869 0.78473554179072369 1.0040764948353169
leaf_count=1830 225 33 12 16 25 98 87 27 24 27 31 21 12 32
internal_value=-0.00129983 0.0177468 -0.00221514 0.0290264 0.0185031 0.0350951 0.0149148 0.0320498 -0.0142418 0.034343 0.0484403 0.0203912 -0.0400739 -0.0167721
internal_weight=55.0074 39.6407 14.312 25.3287 9.24998 22.2131 8.84215 6.91452 3.11559 6.84691 13.371 4.99191 5.06206 1.78881
internal_count=2500 670 354 316 85 276 147 60 40 60 129 48 269 44
is_linear=0
shrinkage=0.05


Tree=45
num_leaves=15
num_cat=0
split_feature=0 3 0 1 5 4 5 3 0 5 4 0 5 3
split_gain=19.4407 3.45715 4.27464 3.60847 3.08294 2.37783 1.52743 1.87649 2.10692 1.49356 1.33068 1.08895 1.42564 1.18132
threshold=45.741332697838693 75.651370184557607 80.609088403102007 258.70669608540948 19.96966364459065 633.46698137731084 18.77817466991657 29.475705499290644 118.06914305104239 35.073586540042562 1198.2349381240108 84.609715340729238 22.799320456502873 85.293209130438726
decision_type=2 2 2 2 2 2 2 2 2 2 2 2 2 2
left_child=-1 2 4 6 5 -2 -4 10 9 -9 -8 12 -3 -14
right_child=1 11 3 -5 -6 -7 7 8 -10 -11 -12 -13 13 -15
leaf_value=-0.05041245058710736 0.044468159822087461 0.049599865019736455 0.061355535871035684 -0.037605025604353928 -0.050735795782441542 -0.03453592576423966 0.017263442191256327 0.038490010663379322 0.059382448280605828 -0.0088156155314773263 -0.066181770786434016 0.059017881530768049 -0.017756428190871681 0.034783743431975593
leaf_weight=14.623230741359292 2.1897591780871175 3.9896130785346013 3.0151216359809068 2.3072990514338008 4.4995845542289317 1.6854811115190385 0.96877250913530477 3.0992051605135185 3.8595133051276207 3.6145011261105537 0.94263168051838875 4.3421799838542929 2.177701729349792 2.1030335612595081
leaf_count=1830 30 28 29 27 278 40 20 29 35 32 21 44 32 25
internal_value=-0.00128244 0.0172367 0.00687706 0.0207322 -0.0225826 0.0101064 0.0294163 0.0217028 0.0299447 0.0130218 -0.0238886 0.0387419 0.0280965 0.00805543
internal_weight=53.4176 38.7944 26.1819 17.807 8.37482 3.87524 15.4997 12.4846 10.5732 6.71371 1.9114 12.6125 8.27035 4.28074
internal_count=2500 670 541 193 348 70 166 137 96 61 41 129 85 57
is_linear=0
shrinkage=0.05


Tree=46
num_leaves=15
num_cat=0
split_feature=0 3 0 5 0 1 1 0 5 3 3 2 5 0
split_gain=18.359 3.26764 3.2655 3.5477 3.04594 2.49922 2.29734 2.28104 2.25854 2.03489 1.50042 0.990828 0.807296 0.635432
threshold=45.741332697838693 42.304679004240462 98.80288571005697 42.095915494938446 108.87374379046385 40.858901019386941 225.01429029795372 73.86228160841776 22.799320456502873 77.463365861041524 61.649874850638774 2.6706099739898206 47.13570590229083 91.5070075535114
decision_type=2 2 2 2 2 2 2 2 2 2 2 2 2 2
left_child=-1 4 3 5 -2 -3 -6 8 9 -7 -9 -5 -4 -13
right_child=1 2 12 11 6 7 -8 10 -10 -11 -12 13 -14 -15
leaf_value=-0.050392183434228549 -0.051782140090697815 0.064699962955856991 0.058545968078659832 0.039126992106127717 0.036562757199759696 -0.017608344816273248 -0.029132041237851319 0.0076391885629148925 -0.04003480243792272 0.048025363892727171 0.057635680624053789 -0.056212346905718295 0.026494197149061396 -0.0024420116488513364
leaf_weight=13.915501384995876 2.9319563577882928 2.9291671542450883 6.5861749053001386 0.41604058444499914 3.4346105139702559 2.2717979755252582 2.1725451368838549 2.6055241487920284 2.8177668675780296 2.4593846648931503 3.5387626737356186 2.2731059598736469 2.7996895238757133 0.72458892315626133
leaf_count=1830 214 26 69 12 24 38 23 20 73 16 34 91 23 7
internal_value=-0.00126423 0.0167447 0.0246477 0.0132468 -0.0104853 0.0227814 0.0111087 0.0138145 -0.00459647 0.0165097 0.0364343 -0.03318 0.0489853 -0.0432152
internal_weight=51.8766 37.9611 29.422 20.0361 8.53911 16.6224 5.60716 13.6932 7.54895 4.73118 6.14429 3.41374 9.38586 2.99769
internal_count=2500 670 409 317 261 207 47 181 127 54 54 110 92 98
is_linear=0
shrinkage=0.05


Tree=47
num_leaves=15
num_cat=0
split_feature=0 3 0 3 1 5 0 3 2 2 2 4 4 4
split_gain=17.3523 3.15535 3.60938 3.83657 2.74399 2.99982 2.61155 1.83741 1.77874 1.48686 1.19543 1.46218 1.09277 0.903282
threshold=45.741332697838693 20.748906758593755 118.06914305104239 75.651370184557607 248.3580356394684 22.947179912465106 83.352725969763085 46.473933374812255 11.341973095221144 18.435618646270601 7.7718192377844266 1250.7001697844833 2668.7891967838073 623.94558379610487
decision_type=2 2 2 2 2 2 2 2 2 2 2 2 2 2
left_child=-1 -2 3 4 5 7 -7 8 -3 -8 -5 -12 -4 -9
right_child=1 2 12 10 -6 6 9 13 -10 -11 11 -13 -14 -15
leaf_value=-0.050372923121733471 -0.053315546542046593 0.042989427310605496 0.060405129230824299 0.064541221600123447 -0.050900057621445075 -0.053959584366158511 0.023788258036182841 0.068777392279440755 -0.05894506100039755 -0.032753139705433844 0.040799053408754823 -0.0039773217337464375 0.019597002315869784 0.023356417780088647
leaf_weight=13.24176826700568 1.5585149968974281 0.78331180568785075 5.7651360705494863 2.5138711687177402 2.6337156440131357 2.8389722965657693 3.585921049118042 2.4079808071255684 0.94340331293642521 1.7206337954849003 5.1690919524990022 2.8167490586638451 2.2929646670818329 2.0068231951445341
leaf_count=1830 83 14 57 26 63 192 40 19 28 18 50 35 17 28
internal_value=-0.00124801 0.0163155 0.0193743 0.0107289 -0.0040038 0.00464119 -0.0152529 0.0310269 -0.0127032 0.00545489 0.0344714 0.0250056 0.048793 0.0481305
internal_weight=50.2789 37.0371 35.4786 27.4205 16.9208 14.287 8.14553 6.14152 1.72672 5.30655 10.4997 7.98584 8.0581 4.4148
internal_count=2500 670 587 513 402 339 250 89 42 58 111 85 74 47
is_linear=0
shrinkage=0.05


Tree=48
num_leaves=15
num_cat=0
split_feature=0 3 1 5 0 0 1 0 2 2 5 2 5 4
split_gain=16.4183 3.04991 3.40617 2.44897 3.97682 1.46281 2.24752 1.31333 1.38538 1.08257 0.929718 0.804932 1.03281 0.739678
threshold=55.527373194093833 75.651370184557607 248.94692160050809 22.947179912465106 83.352725969763085 45.741332697838693 86.177724381707534 113.63925891906143 15.533715490557631 13.184616346744976 12.30708254158424 14.773193876919068 28.177995837883039 681.27927800409941
decision_type=2 2 2 2 2 2 2 2 2 2 2 2 2 2
left_child=5 2 3 13 -5 -1 10 8 -6 -4 -7 -3 -13 -2
right_child=1 11 9 4 7 6 -8 -9 -10 -11 -12 12 -14 -15
leaf_value=-0.050354610127958936 0.060743406569507441 0.057869037968091133 -0.0031670616726237749 -0.054310470828537419 0.020395487691298425 0.068711644592787433 -0.054718238660241281 0.037682093758069544 -0.035620424255786418 -0.057127512546909426 -0.0038209473998488475 0.052774150007523418 0.0089518373273620722 0.027858483426649858
leaf_weight=12.600424762349578 2.8281937157735291 4.5356198791414482 1.6225123591721051 2.357204499654471 3.0473654670640808 0.71328037977218572 1.775492012966424 4.5299788862466812 1.7306520929560063 2.176124163903296 1.1607684381306169 2.5104515254497528 2.8950051451101899 4.3248391267843544
leaf_count=1830 28 51 26 149 39 4 104 47 23 45 42 21 32 59
internal_value=-0.00123309 0.0192543 0.00910854 0.0178264 0.00370196 -0.0422811 -0.0144063 0.0183933 0.00010589 -0.0340794 0.0237856 0.0423369 0.0293042 0.0408607
internal_weight=48.8079 32.5579 22.6169 18.8182 11.6652 16.25 3.64954 9.308 4.77802 3.79864 1.87405 9.94108 5.40546 7.15303
internal_count=2500 520 416 345 258 1980 150 109 62 71 46 104 53 87
is_linear=0
shrinkage=0.05


Tree=49
num_leaves=15
num_cat=0
split_feature=0 3 0 5 1 3 2 0 5 5 1 5 4 0
split_gain=15.4796 2.98927 3.68434 3.59593 2.71901 2.18577 2.77832 3.13255 1.78994 1.40095 1.26481 1.10737 1.03504 1.35267
threshold=45.741332697838693 30.80018624979466 118.06914305104239 46.704275397605876 16.930550978424225 84.951814556683374 9.486457222982505 71.389632202165984 34.052957958094808 11.790490606470181 18.295701911967772 25.552285202399755 608.15324746829026 103.93171275653486
decision_type=2 2 2 2 2 2 2 2 2 2 2 2 2 2
left_child=-1 4 3 5 -2 6 11 10 -9 -6 -8 -3 13 -5
right_child=1 2 -4 12 9 -7 7 8 -10 -11 -12 -13 -14 -15
leaf_value=-0.050337204611714294 0.056292033141649822 0.055738026648723987 0.056977546657967296 -0.051780907286085191 0.054784046745756765 0.052770896345758413 0.03222573475524234 0.036058121469299008 -0.013800766976154769 -0.051978485438460301 -0.051457739323326063 0.014158674012809888 -0.057268759031063356 0.054095157264074004
leaf_weight=11.989934664219616 0.87502701673656602 3.802825627382858 5.759090617299079 0.60658964235335522 0.33913275972008738 4.1255985600873819 0.52439044229686116 4.4816261036321521 3.0084616672247648 3.2709108022972941 3.2497222400270402 2.7660722429864109 2.0930924499407411 0.6001356840133667
leaf_count=1830 9 43 64 42 3 40 7 46 27 151 109 52 74 3
internal_value=-0.0012171 0.0153717 0.0208887 0.0126602 -0.0227824 0.0199735 0.012386 -0.00268502 0.0160318 -0.0419491 -0.0398304 0.0382295 -0.0360063 0.000873995
internal_weight=47.4926 35.5027 31.0176 25.2585 4.48507 21.9587 17.8331 11.2642 7.49009 3.61004 3.77411 6.5689 3.29982 1.20673
internal_count=2500 670 507 443 163 324 284 189 73 154 116 95 119 45
is_linear=0
shrinkage=0.05


Tree=50
num_leaves=15
num_cat=0
split_feature=0 3 0 4 0 4 1 5 0 3 2 5 0 5
split_gain=14.6351 2.79198 3.4175 2.21523 2.19785 3.15752 2.04259 1.70998 2.19513 1.17746 1.04731 0.536713 0.462324 1.27899
threshold=45.741332697838693 52.304760019764878 96.813591485289763 2264.9418948570342 73.386430131783683 1386.1381065008541 148.78056326867048 42.095915494938446 98.80288571005697 76.050622657865574 12.809571506448588 21.947640169213035 80.609088403102007 23.262286925598598
decision_type=2 2 2 2 2 2 2 2 2 2 2 2 2 2
left_child=-1 2 12 10 5 6 -3 -6 -9 -8 -4 -7 -2 -14
right_child=1 4 3 -5 7 11 9 8 -10 -11 -12 -13 13 -15
leaf_value=-0.050320657916923472 -0.052773145911463273 0.047738580088237864 0.051796607793931408 -0.019142900545174292 0.05181413142098841 -0.014191163637545003 -0.055180693526978242 -0.023194681669611666 0.046204208286035678 0.016091038518979545 0.0060141671424632712 -0.061265099731033862 0.032736464773888148 -0.05803989918871208
leaf_weight=11.408834612462668 2.6900780582800499 3.8838307061232644 3.2811637027189118 3.0461818547919393 8.5930842161178571 1.047924336511642 0.92051213514059815 2.126554367132484 2.4547643885016441 1.5642721224576233 2.017052966170013 1.4342386820353565 0.68482598382979609 0.89532352425158024
leaf_count=1830 225 52 29 25 99 12 40 27 23 17 31 46 12 32
internal_value=-0.00120426 0.0149725 -0.00378436 0.0148329 0.0257153 0.00644517 0.0250894 0.0386613 0.0139907 -0.0103123 0.034367 -0.0413913 -0.040164 -0.018698
internal_weight=46.0486 34.6398 12.6146 8.3444 22.0252 8.85078 6.36861 13.1744 4.58132 2.48478 5.29822 2.48216 4.27023 1.58015
internal_count=2500 670 354 85 316 167 109 149 50 57 60 58 269 44
is_linear=0
shrinkage=0.05


Tree=51
num_leaves=15
num_cat=0
split_feature=0 3 0 3 2 5 1 3 2 5 0 3 4 3
split_gain=13.8351 2.70953 3.13422 3.34007 2.836 1.9228 1.79782 1.78625 1.16212 1.05076 2.75773 1.58149 1.03078 1.01825
threshold=45.741332697838693 20.748906758593755 118.06914305104239 46.473933374812255 19.471100663300032 20.503986942002104 247.49556813171384 66.617574474147673 11.341973095221144 22.799320456502873 64.573091765972677 75.651370184557607 2668.7891967838073 79.608425956874456
decision_type=2 2 2 2 2 2 2 2 2 2 2 2 2 2
left_child=-1 -2 3 8 6 -6 9 -7 -3 -5 -11 -12 -4 -8
right_child=1 2 12 4 5 7 13 -9 -10 10 11 -13 -14 -15
leaf_value=-0.050304925941719418 -0.053235269121592238 -0.00390491661060199 0.059038213864527435 0.056778313153642727 0.033582786719902856 -0.06626721823379543 -0.035922803407354695 -0.0016354422727611268 -0.055432573967276667 -0.034746198976752359 0.018841684475281298 0.071844860314553324 0.017783658778391241 0.023181056078159141
leaf_weight=10.855727055575697 1.4120914260856796 2.1224334649741676 5.031039346009492 4.6074863355606812 1.7327288519591082 1.8346757930703459 1.4253698005340987 2.5616447841748595 2.2587487446144223 1.475651992484927 3.233613992575556 2.4918948113918304 2.1659876778721809 1.4910138314589856
leaf_count=1830 83 65 57 46 19 35 30 42 133 63 46 20 17 14
internal_value=-0.0011891 0.014565 0.017517 0.00921623 0.0175539 -0.0110259 0.0294498 -0.0286076 -0.0304704 0.0381321 0.0262018 0.0419101 0.0466224 -0.0057057
internal_weight=44.7001 33.8444 32.4323 25.2353 20.8541 6.12905 14.725 4.39632 4.38118 11.8086 7.20116 5.72551 7.19703 2.91638
internal_count=2500 670 587 513 315 96 219 77 198 175 129 66 74 44
is_linear=0
shrinkage=0.05


Tree=52
num_leaves=15
num_cat=0
split_feature=0 3 1 0 5 0 5 2 3 5 1 4 3 3
split_gain=13.1174 2.4625 2.58656 2.11022 1.48349 1.47054 1.87699 1.37339 1.48322 1.35125 1.26391 1.17813 0.986008 0.842123
threshold=54.377248749421042 62.005274245653204 252.30654308044038 80.609088403102007 18.77817466991657 88.778844843380867 39.659135632188558 18.435618646270601 36.243475779817601 12.987636726583476 87.4873729617088 1282.4092169199473 58.507279547242632 84.613188645480562
decision_type=2 2 2 2 2 2 2 2 2 2 2 2 2 2
left_child=9 2 3 12 -5 6 11 8 -6 10 -1 -3 -2 -8
right_child=1 5 -4 4 7 -7 13 -9 -10 -11 -12 -13 -14 -15
leaf_value=0.022431956370898065 -0.05228233597430039 0.045659852429624601 -0.044799496636574107 0.058779545910300539 -0.0090934579469803805 0.051872345294432125 -0.056098747246510185 -0.020190042723025794 0.041940868170082878 -0.050452423424330976 -0.054537589465389995 0.0032535247968085695 0.015902334309981132 0.0095013825575929033
leaf_weight=1.3597563863731914 1.6520240320824116 4.7376668434590083 2.3950250525958827 2.1076923646032801 2.1765974182635528 5.5341904535889617 1.0053084925748406 2.3965971823781729 4.1158997258171439 10.798041542991994 0.87758995126932848 2.5032170102931559 0.78080349601805199 0.95297848060727108
leaf_count=45 147 53 56 23 35 70 34 35 43 1842 73 26 10 8
internal_value=-0.00117229 0.0168416 0.00301334 0.0116691 0.0211483 0.0315064 0.0192543 0.0120201 0.0242879 -0.0431247 -0.00775903 0.0309997 -0.0303988 -0.0241752
internal_weight=43.3934 30.358 15.6246 13.2296 10.7968 14.7334 9.19917 8.68909 6.2925 13.0354 2.23735 7.24088 2.43283 1.95829
internal_count=2500 540 349 293 136 191 121 113 78 1960 118 79 157 42
is_linear=0
shrinkage=0.05


Tree=53
num_leaves=15
num_cat=0
split_feature=0 3 0 3 5 4 2 0 1 5 0 0 1 2
split_gain=12.3956 2.45509 2.93747 2.97985 2.56417 1.63324 1.82678 1.71802 1.49488 1.73024 2.10866 1.19463 1.11783 1.08622
threshold=45.741332697838693 20.748906758593755 118.06914305104239 46.473933374812255 46.704275397605876 221.6959582711182 27.055496614389956 83.352725969763085 37.884402899062515 25.552285202399755 61.431147793171057 73.86228160841776 103.87939368338954 11.341973095221144
decision_type=2 2 2 2 2 2 2 2 2 2 2 2 2 2
left_child=-1 -2 3 13 5 -5 7 8 -7 10 -10 -11 -6 -3
right_child=1 2 -4 4 12 6 -8 -9 9 11 -12 -13 -14 -15
leaf_value=-0.050277401972344093 -0.053042888898609253 -0.0042274952949250665 0.045596267166961149 0.062967322656719907 0.012332794326006202 0.055776752875751456 -0.032027063896821507 0.049449816050357212 -0.008638745321321346 -0.059589822064999548 0.059120717902702159 0.0022804503005841624 -0.057011530009037747 -0.055188677289213228
leaf_weight=9.8486767769791168 1.3187177195213724 2.0731152882799568 6.8226447254419318 2.248758262023336 0.9278110228478903 1.5732954484410564 1.6699473718181241 4.3197138644754878 2.5623809285461903 1.4517313474789264 2.0803455878049135 1.6866861581802366 1.555464948993176 2.109747520647943
leaf_count=1830 83 65 74 27 33 18 21 46 30 53 21 16 50 133
internal_value=-0.00115486 0.0137768 0.0166118 0.00846019 0.016459 0.0231725 0.0173404 0.0233694 0.0113259 0.00233819 0.0217234 -0.0263388 -0.0311028 -0.0299312
internal_weight=42.249 32.4004 31.0816 24.259 20.0761 17.5929 15.3441 13.6742 9.35444 7.78114 4.64273 3.13842 2.48328 4.18286
internal_count=2500 670 587 513 315 232 205 184 138 120 51 69 83 198
is_linear=0
shrinkage=0.05


Tree=54
num_leaves=15
num_cat=0
split_feature=0 3 0 5 1 3 2 0 5 5 1 3 0 4
split_gain=11.7263 2.36658 3.2383 2.88956 2.26333 1.86244 2.24826 2.56796 1.55852 1.2724 1.0023 0.965713 1.2785 0.915236
threshold=45.741332697838693 30.80018624979466 118.06914305104239 46.704275397605876 16.930550978424225 84.951814556683374 9.486457222982505 71.389632202165984 34.052957958094808 11.790490606470181 18.295701911967772 61.420360119682023 83.352725969763085 608.15324746829026
decision_type=2 2 2 2 2 2 2 2 2 2 2 2 2 2
left_child=-1 4 3 5 -2 6 11 10 -9 -6 -8 12 -3 -5
right_child=1 2 -4 13 9 -7 7 8 -10 -11 -12 -13 -14 -15
leaf_value=-0.050263804840812831 0.051544098722971658 -0.022783767640461808 0.055914284643054014 0.0010690320544097731 0.052172389284924195 0.0499112427812545 0.028054544633616015 0.034210186387911602 -0.014395825331920454 -0.051861410890706831 -0.050308169860775499 0.056022835797498928 0.042183665512565957 -0.056419608743769736
leaf_weight=9.3708215602673572 0.8253682754002537 1.2786234337836639 4.8141583278775206 1.0976978153921657 0.32720772176981006 3.6546459142118684 0.4742407849989817 3.9440506417304277 2.8343919795006514 2.888135511893779 2.9238622062839568 2.8185746828094125 1.8572023790329693 1.874715134501457
leaf_count=1830 9 39 64 45 3 40 7 46 27 151 109 34 22 74
internal_value=-0.00114048 0.0134209 0.018658 0.0107769 -0.0223151 0.0176825 0.0103807 -0.00389781 0.0138857 -0.0412745 -0.0393718 0.0347837 0.0156934 -0.0351893
internal_weight=40.9837 31.6129 27.5722 22.758 4.04071 19.7856 16.1309 10.1765 6.77844 3.21534 3.3981 5.9544 3.13583 2.97241
internal_count=2500 670 507 443 163 324 284 189 73 154 116 95 61 119
is_linear=0
shrinkage=0.05


Tree=55
num_leaves=15
num_cat=0
split_feature=0 3 0 5 1 3 2 4 0 5 0 4 0 3
split_gain=11.0957 2.19541 3.11277 2.67513 2.09384 1.7357 2.1338 1.87087 2.66804 1.18635 0.977247 0.889668 1.09449 0.863612
threshold=45.741332697838693 30.80018624979466 118.06914305104239 46.704275397605876 16.930550978424225 84.951814556683374 19.471100663300032 992.83912411497147 73.86228160841776 11.790490606470181 71.857597032887952 608.15324746829026 103.93171275653486 52.851453796326716
decision_type=2 2 2 2 2 2 2 2 2 2 2 2 2 2
left_child=-1 4 3 5 -2 6 7 13 -9 -6 -8 12 -5 -3
right_child=1 2 -4 11 9 -7 10 8 -10 -11 -12 -13 -14 -15
leaf_value=-0.050250878277807991 0.049278961450312679 0.013908742312001005 0.055618583928188442 -0.05163962881285547 0.049271022915319297 0.048674915168804095 -0.056873968266187583 -0.04198408151055226 0.029627915132766459 -0.051110001995689193 -0.0043331941951442222 -0.056137807804594188 0.048334230130178957 0.05222145224971983
leaf_weight=8.9160361848771554 0.82027297792956533 2.2589669488370507 4.6030999384820452 0.51979163940995865 0.32910103350877795 3.5624718861654392 1.3043781248852599 2.2834604256786406 3.0219437330961227 2.7866561524569988 2.7527508824132383 1.7920100884512065 0.57840237021446228 4.2159985601902008
leaf_count=1830 9 48 64 42 3 40 51 64 35 151 32 74 3 54
internal_value=-0.00112603 0.0130812 0.0181857 0.0104555 -0.0217957 0.0171412 0.0100481 0.0208185 -0.00119408 -0.0405073 -0.0212252 -0.0344214 0.00101511 0.038855
internal_weight=39.7453 30.8293 26.8933 22.2902 3.93603 19.4 15.8375 11.7804 5.3054 3.11576 4.05713 2.8902 1.09819 6.47497
internal_count=2500 670 507 443 163 324 284 201 99 154 83 119 45 102
is_linear=0
shrinkage=0.05


Tree=56
num_leaves=15
num_cat=0
split_feature=0 3 0 3 2 5 3 1 4 2 5 0 3 0
split_gain=10.4975 2.09276 2.52085 2.61836 2.20466 1.58894 1.54566 1.44286 1.03643 1.03574 0.960171 2.31496 1.4411 0.910388
threshold=45.741332697838693 20.748906758593755 118.06914305104239 46.473933374812255 19.471100663300032 20.503986942002104 66.617574474147673 247.49556813171384 2668.7891967838073 11.341973095221144 22.799320456502873 64.573091765972677 75.651370184557607 105.31624199287644
decision_type=2 2 2 2 2 2 2 2 2 2 2 2 2 2
left_child=-1 -2 3 9 7 -6 -7 10 -4 13 -5 -12 -13 -3
right_child=1 2 8 4 5 6 -8 -9 -10 -11 11 12 -14 -15
leaf_value=-0.050238593548960264 -0.052860432170185857 -0.033047893179630319 0.057712152443042009 0.053886376742136755 0.032135189043547459 -0.064420086978081728 -0.0014189427336545673 -0.0064036290182853828 0.013789380054945337 -0.055253854735318492 -0.03507840897272025 0.015242143833130748 0.068597955329459989 0.035183535493235031
leaf_weight=8.483218015637247 1.1687487512826944 1.1499680979177425 4.2092453613877288 4.0665347902104276 1.5431434442289163 1.6644908888265488 2.3452777620404959 2.6550645087845615 1.9724423252046106 1.9493897878564892 1.3610159815289078 2.9377746996469796 2.2232525609433651 0.85039460659027089
leaf_count=1830 83 59 57 46 19 35 42 44 17 133 63 46 20 6
internal_value=-0.0011127 0.0127342 0.0153843 0.00768979 0.0154661 -0.010979 -0.0275713 0.0265543 0.0436973 -0.0293171 0.0348184 0.0229294 0.0382266 -0.00404133
internal_weight=38.58 30.0967 28.928 22.7463 18.7966 5.55291 4.00977 13.2436 6.18169 3.94975 10.5886 6.52204 5.16103 2.00036
internal_count=2500 670 587 513 315 96 77 219 74 198 175 129 66 65
is_linear=0
shrinkage=0.05


Tree=57
num_leaves=15
num_cat=0
split_feature=0 3 0 3 2 5 1 3 4 2 5 0 3 0
split_gain=9.93194 1.96453 2.36853 2.42539 2.03017 1.48176 1.34784 1.08789 1.03281 1.00042 0.907991 2.13129 1.39764 0.908914
threshold=45.741332697838693 20.748906758593755 118.06914305104239 46.473933374812255 19.471100663300032 46.473057881566653 247.49556813171384 66.617574474147673 2668.7891967838073 11.341973095221144 22.799320456502873 64.573091765972677 75.651370184557607 88.778844843380867
decision_type=2 2 2 2 2 2 2 2 2 2 2 2 2 2
left_child=-1 -2 3 9 6 7 10 -6 -4 -3 -5 -12 13 -13
right_child=1 2 8 4 5 -7 -8 -9 -10 -11 11 12 -14 -15
leaf_value=-0.050226900997951608 -0.05272601506404935 -0.0039097518773601771 0.057353234076841397 0.05268984505208494 -0.029500813062113652 -0.059424969620054051 -0.0060852976576836419 0.022775997671884023 0.013144886600536615 -0.055043429100992226 -0.034150114247366928 -0.012795874546979015 0.067664254302857496 0.04292679262709663
leaf_weight=8.0713170515373331 1.1145109399221862 1.9679397465661232 4.0283816643059245 3.9538298351690191 1.5874051107093681 1.2104172436520455 2.6542782755568615 2.6675494182854891 1.9658661819994447 1.8612272925674913 1.3289390886202452 1.4924134830944242 2.1432651877403259 1.4359198175370691
leaf_count=1830 83 65 57 46 27 31 44 38 17 133 63 30 20 16
internal_value=-0.00109564 0.0123871 0.0149516 0.00745235 0.014959 -0.0106128 0.0257026 0.00327297 0.0428547 -0.0287641 0.0338513 0.022214 0.0369834 0.014528
internal_weight=37.4833 29.4119 28.2974 22.3032 18.474 5.46537 13.0086 4.25495 5.99425 3.82917 10.3544 6.40054 5.0716 2.92833
internal_count=2500 670 587 513 315 96 219 65 74 198 175 129 66 46
is_linear=0
shrinkage=0.05


Tree=58
num_leaves=15
num_cat=0
split_feature=0 3 0 3 5 4 4 1 5 0 1 2 4 0
split_gain=9.39702 1.89397 2.89576 2.19641 1.94626 1.80181 1.85377 1.79764 1.12805 0.980099 1.7396 0.873584 0.826612 0.726677
threshold=45.741332697838693 30.80018624979466 96.813591485289763 52.851453796326716 45.59464569176486 1250.7001697844833 2001.7116567647113 16.930550978424225 11.790490606470181 71.389632202165984 148.78056326867048 4.2496432934070256 2717.8109674881234 118.06914305104239
decision_type=2 2 2 2 2 2 2 2 2 2 2 2 2 2
left_child=-1 7 3 -3 5 9 -7 -2 -9 10 -5 -6 -8 -4
right_child=1 2 13 4 11 6 12 8 -10 -11 -12 -13 -14 -15
leaf_value=-0.050215791747314144 0.045999756124444964 -0.037330753570360024 0.026753700311851949 0.048339345177213777 0.029337486106001544 -0.042648210575125051 0.05090877270511756 0.048421810839481945 -0.051013283231296475 0.058918856865277008 -0.016031981524745352 -0.057776901673256137 -0.0049977210630069322 0.055001308437272571
leaf_weight=7.6793303322046986 0.77348765451461376 2.6757236237172064 5.175206530839203 2.4337155614048225 0.37060990231111546 1.8960502222180364 1.2840101770125332 0.32116969861090217 2.5485930282156914 2.7305618189275265 1.8453795346431432 1.2876821435056625 1.3630542214959858 4.0651883780956268
leaf_count=1830 9 154 54 29 14 27 18 3 151 33 35 55 24 64
internal_value=-0.00107646 0.0120397 0.0169246 0.00397944 0.0123463 0.0196172 -0.00491027 -0.0216511 -0.039885 0.035514 0.0205789 -0.0383078 0.0221208 0.0391809
internal_weight=36.4498 28.7704 25.1272 15.8868 13.2111 11.5528 4.54311 3.64325 2.86976 7.00966 4.2791 1.65829 2.64706 9.24039
internal_count=2500 670 507 389 235 166 69 163 154 97 64 69 42 118
is_linear=0
shrinkage=0.05


Tree=59
num_leaves=15
num_cat=0
split_feature=0 3 0 5 3 5 4 0 4 5 0 2 5 3
split_gain=8.89346 1.85844 2.30306 1.92486 1.83853 1.81282 1.53415 1.46885 2.08413 1.08766 0.926367 1.20111 1.22342 1.01221
threshold=45.741332697838693 75.651370184557607 79.538750799123179 34.4269878628917 37.801939545186336 19.96966364459065 633.46698137731084 98.80288571005697 1706.5790717418929 18.162210415175466 88.778844843380867 7.7718192377844266 22.799320456502873 85.293209130438726
decision_type=2 2 2 2 2 2 2 2 2 2 2 2 2 2
left_child=-1 2 5 4 9 6 -2 -5 -9 -4 11 -3 -13 -14
right_child=1 10 3 7 -6 -7 -8 8 -10 -11 -12 12 13 -15
leaf_value=-0.050205230087413691 0.035886951855423094 0.059019418310811061 0.036524779466040026 -0.041461243913808371 0.054227424890278132 -0.053289038195297039 -0.036849344334847288 0.037966458630150399 -0.029162143566376447 -0.028114657774992658 0.056704753122629598 0.035134816042636415 -0.046734282728537073 0.014575367339199419
leaf_weight=7.3063032613135865 1.6214769762009447 1.559828114695845 1.1708210734650477 1.9407673790119586 4.0578690730035305 2.7227042489685118 1.311147238127887 2.789496598765254 1.9747951370663939 1.4652020423673091 2.4377416037023067 2.36146429926157 1.2656644210219385 1.4382001245394347
leaf_count=1830 30 19 16 38 56 272 40 35 23 31 40 24 24 22
internal_value=-0.00105825 0.0117127 0.00284735 0.0141406 0.0331075 -0.0239094 0.00336727 -0.00479468 0.0101417 0.000595718 0.0303516 0.0206549 0.00884089 -0.0141233
internal_weight=35.4235 28.1172 19.0543 13.399 6.69389 5.65533 2.93262 6.70506 4.76429 2.63602 9.0629 6.62516 5.06533 2.70386
internal_count=2500 670 541 199 103 342 70 96 58 47 129 89 70 46
is_linear=0
shrinkage=0.05


end of trees

feature_importances:
rainfall_mm=278
soil_moisture_pct=199
drainage_capacity_mm_hr=177
elevation_m=67
slope_deg=65
distance_to_river_m=54

parameters:
[boosting: gbdt]
[objective: binary]
[metric: binary_logloss]
[tree_learner: serial]
[device_type: cpu]
[data_sample_strategy: bagging]
[data: ]
[valid: ]
[num_iterations: 60]
[learning_rate: 0.05]
[num_leaves: 15]
[num_threads: 0]
[seed: 0]
[deterministic: 0]
[force_col_wise: 0]
[force_row_wise: 0]
[histogram_pool_size: -1]
[max_depth: -1]
[min_data_in_leaf: 20]
[min_sum_hessian_in_leaf: 0.001]
[bagging_fraction: 1]
[pos_bagging_fraction: 1]
[neg_bagging_fraction: 1]
[bagging_freq: 0]
[bagging_seed: 3]
[bagging_by_query: 0]
[feature_fraction: 1]
[feature_fraction_bynode: 1]
[feature_fraction_seed: 2]
[extra_trees: 0]
[extra_seed: 6]
[early_stopping_round: 0]
[early_stopping_min_delta: 0]
[first_metric_only: 0]
[max_delta_step: 0]
[lambda_l1: 0]
[lambda_l2: 0]
[linear_lambda: 0]
[min_gain_to_split: 0]
[drop_rate: 0.1]
[max_drop: 50]
[skip_drop: 0.5]
[xgboost_dart_mode: 0]
[uniform_drop: 0]
[drop_seed: 4]
[top_rate: 0.2]
[other_rate: 0.1]
[min_data_per_group: 100]
[max_cat_threshold: 32]
[cat_l2: 10]
[cat_smooth: 10]
[max_cat_to_onehot: 4]
[top_k: 20]
[monotone_constraints: ]
[monotone_constraints_method: basic]
[monotone_penalty: 0]
[feature_contri: ]
[forcedsplits_filename: ]
[refit_decay_rate: 0.9]
[cegb_tradeoff: 1]
[cegb_penalty_split: 0]
[cegb_penalty_feature_lazy: ]
[cegb_penalty_feature_coupled: ]
[path_smooth: 0]
[interaction_constraints: ]
[verbosity: -1]
[saved_feature_importance_type: 0]
[use_quantized_grad: 0]
[num_grad_quant_bins: 4]
[quant_train_renew_leaf: 0]
[stochastic_rounding: 1]
[linear_tree: 0]
[max_bin: 255]
[max_bin_by_feature: ]
[min_data_in_bin: 3]
[bin_construct_sample_cnt: 200000]
[data_random_seed: 1]
[is_enable_sparse: 1]
[enable_bundle: 1]
[use_missing: 1]
[zero_as_missing: 0]
[feature_pre_filter: 1]
[pre_partition: 0]
[two_round: 0]
[header: 0]
[label_column: ]
[weight_column: ]
[group_column: ]
[ignore_column: ]
[categorical_feature: ]
[forcedbins_filename: ]
[precise_float_parser: 0]
[parser_config_file: ]
[objective_seed: 5]
[num_class: 1]
[is_unbalance: 0]
[scale_pos_weight: 1]
[sigmoid: 1]
[boost_from_average: 1]
[reg_sqrt: 0]
[alpha: 0.9]
[fair_c: 1]
[poisson_max_delta_step: 0.7]
[tweedie_variance_power: 1.5]
[lambdarank_truncation_level: 30]
[lambdarank_norm: 1]
[label_gain: ]
[lambdarank_position_bias_regularization: 0]
[eval_at: ]
[multi_error_top_k: 1]
[auc_mu_weights: ]
[num_machines: 1]
[local_listen_port: 12400]
[time_out: 120]
[machine_list_filename: ]
[machines: ]
[gpu_platform_id: -1]
[gpu_device_id: -1]
[gpu_device_id_list: ]
[gpu_use_dp: 0]
[num_gpu: 1]

end of parameters

pandas_categorical:null
